stage,epoch,train_loss,train_acc,val_loss,val_acc,val_f1,is_best,sec
1,1,1.6018,0.5156,1.2917,0.75,0.7453,1,72.4931
1,2,1.2204,0.7047,1.1054,0.7738,0.7708,1,6.5447
1,3,1.1051,0.7391,1.0272,0.8024,0.8011,1,6.5203
1,4,1.0318,0.7771,0.9898,0.7952,0.7957,0,6.3541
1,5,0.9943,0.7844,0.9692,0.8071,0.8067,1,6.4183
1,6,0.9655,0.7984,0.9491,0.8143,0.8137,1,6.3498
1,7,0.9451,0.8052,0.9442,0.8143,0.8153,1,6.4908
1,8,0.9163,0.8172,0.9323,0.8167,0.8164,1,6.4799
1,9,0.9103,0.8172,0.9218,0.8143,0.8127,0,6.2463
1,10,0.9032,0.8281,0.9118,0.8238,0.8245,1,6.5279
2,1,0.9171,0.8276,0.7869,0.8857,0.8851,1,12.6506
2,2,0.686,0.9135,0.7386,0.8952,0.8948,1,7.1789
2,3,0.5926,0.963,0.7346,0.8857,0.8854,0,7.0731
2,4,0.5629,0.9719,0.7084,0.9071,0.9069,1,6.9503
2,5,0.5408,0.9812,0.6971,0.9167,0.9163,1,7.0117
2,6,0.533,0.9849,0.6882,0.9119,0.9113,0,7.0093
2,7,0.5175,0.987,0.6738,0.9167,0.9162,0,6.9423
2,8,0.5148,0.9875,0.6806,0.9167,0.9159,0,7.015
2,9,0.508,0.9938,0.6564,0.9214,0.9212,1,7.0759
2,10,0.5045,0.9922,0.6641,0.9167,0.9167,0,6.9814
2,11,0.4975,0.9906,0.6789,0.919,0.9188,0,6.8804
2,12,0.4947,0.9948,0.6706,0.919,0.9184,0,6.9732
2,13,0.4928,0.9932,0.6486,0.9262,0.9257,1,7.1126
2,14,0.4871,0.9953,0.6416,0.9214,0.9211,0,6.9978
2,15,0.4838,0.9948,0.6536,0.9214,0.9213,0,6.998
2,16,0.4831,0.9938,0.6561,0.9143,0.9143,0,6.9971
2,17,0.4812,0.9953,0.6368,0.9286,0.9283,1,6.905
2,18,0.4792,0.9938,0.6435,0.9119,0.9112,0,7.0136
2,19,0.4774,0.9958,0.6367,0.9262,0.9258,0,6.8838
2,20,0.4807,0.9948,0.6375,0.931,0.9307,1,7.0169
2,21,0.4735,0.9974,0.6473,0.9286,0.9283,0,6.9033
2,22,0.4777,0.9953,0.634,0.9262,0.9262,0,6.892
2,23,0.4734,0.9964,0.6422,0.9238,0.9229,0,6.8812
2,24,0.4781,0.9948,0.6468,0.9143,0.9127,0,6.9275
2,25,0.4774,0.9938,0.6395,0.9167,0.9152,0,6.9724
2,26,0.4784,0.9932,0.634,0.9286,0.9277,0,6.8726
2,27,0.4752,0.9953,0.6284,0.9238,0.9235,0,6.9061
2,28,0.4774,0.9927,0.6314,0.9238,0.9236,0,6.9123
2,29,0.4709,0.9958,0.6304,0.9262,0.926,0,6.9773
2,30,0.4788,0.9938,0.639,0.9286,0.9285,0,7.0259
2,31,0.471,0.9974,0.6343,0.9262,0.9261,0,7.0649
2,32,0.4672,0.9979,0.6236,0.9286,0.9285,0,6.9241
