run,task,model,seed,pretrained,best_stage,best_epoch,val_f1,test_acc,test_macro_p,test_macro_r,test_macro_f1,test_mcc,test_coverage,test_acc_confident,test_leaf_acc,test_leaf_f1,realworld_acc,realworld_macro_p,realworld_macro_r,realworld_macro_f1,realworld_mcc,realworld_coverage,realworld_acc_confident,realworld_leaf_acc,realworld_leaf_f1,gap,params_m,size_mb,infer_ms_gpu,infer_ms_cpu
flat_densenet121_seed42,flat,densenet121,42,True,2,19,0.8506,0.9358,0.9352,0.9372,0.9359,0.9229,0.8552,0.9809,0.8615,0.8309,0.8621,0.7494,0.7186,0.7075,0.8331,0.7931,0.9239,0.6481,0.3304,0.0737,6.9744,28.233,13.4368,34.5867
flat_densenet121_seed43,flat,densenet121,43,True,2,11,0.8524,0.9244,0.9277,0.922,0.9243,0.9094,0.8652,0.9723,0.8532,0.8248,0.8793,0.7608,0.7545,0.7533,0.8525,0.6724,0.9744,0.6852,0.3605,0.0451,6.9744,28.233,12.3223,33.2671
flat_densenet121_seed44,flat,densenet121,44,True,2,18,0.8533,0.9332,0.9395,0.9345,0.9364,0.9199,0.8816,0.9771,0.8711,0.8382,0.8793,0.7901,0.7296,0.7396,0.8522,0.8276,0.9896,0.6481,0.3439,0.0539,6.9744,28.233,12.0622,34.2863
flat_effnetb3_seed42,flat,effnetb3,42,True,2,18,0.8354,0.9332,0.9387,0.9346,0.9357,0.9199,0.8778,0.9756,0.8752,0.8477,0.8879,0.7702,0.7287,0.7402,0.8613,0.819,0.9474,0.7315,0.3841,0.0453,10.727,43.2577,10.7798,20.4873
flat_effnetb3_seed43,flat,effnetb3,43,True,2,14,0.8392,0.937,0.9371,0.9371,0.936,0.9246,0.8778,0.9756,0.8683,0.8362,0.8793,0.7541,0.7381,0.7403,0.8508,0.7931,0.9239,0.7315,0.3747,0.0577,10.727,43.2577,11.9767,23.5152
flat_effnetb3_seed44,flat,effnetb3,44,True,2,19,0.8482,0.9421,0.9435,0.9453,0.9437,0.9305,0.8741,0.9798,0.8765,0.8448,0.8276,0.7281,0.7052,0.7059,0.7904,0.7759,0.9444,0.6667,0.3434,0.1145,10.727,43.2577,10.1535,23.8575
flat_effnetv2b0_seed42,flat,effnetv2b0,42,True,2,13,0.8559,0.9395,0.9394,0.9422,0.9403,0.9275,0.8766,0.9799,0.8807,0.8518,0.8966,0.8222,0.7406,0.7625,0.8753,0.7672,0.9775,0.7222,0.3846,0.043,5.8843,23.7802,8.3307,13.0816
flat_effnetv2b0_seed43,flat,effnetv2b0,43,True,2,8,0.8471,0.9358,0.9399,0.9362,0.9377,0.9228,0.8703,0.9783,0.8875,0.863,0.8879,0.8066,0.7355,0.7528,0.8622,0.6897,0.9625,0.75,0.394,0.0478,5.8843,23.7802,8.2507,16.3824
flat_effnetv2b0_seed44,flat,effnetv2b0,44,True,2,24,0.8599,0.9408,0.9409,0.9417,0.9409,0.9289,0.8892,0.9759,0.882,0.8499,0.8793,0.7625,0.7381,0.7448,0.8516,0.6983,0.9877,0.7222,0.3783,0.0615,5.8843,23.7802,8.068,16.0105
flat_mobilenetv3_seed42,flat,mobilenetv3,42,True,2,29,0.8546,0.937,0.9411,0.9378,0.9387,0.9246,0.8375,0.9865,0.8793,0.8488,0.8621,0.7727,0.6994,0.7239,0.8309,0.7155,0.9639,0.7222,0.3627,0.075,4.2277,17.0086,5.4219,7.453
flat_mobilenetv3_seed43,flat,mobilenetv3,43,True,2,15,0.85,0.9295,0.9323,0.933,0.932,0.9154,0.8514,0.9808,0.8573,0.8194,0.8362,0.7049,0.6844,0.6902,0.7977,0.6724,0.9744,0.6574,0.3456,0.0933,4.2277,17.0086,5.7471,7.8831
flat_mobilenetv3_seed44,flat,mobilenetv3,44,True,2,23,0.8544,0.9307,0.9374,0.9289,0.9327,0.9168,0.8161,0.9877,0.8642,0.8237,0.8276,0.7426,0.68,0.7008,0.7915,0.6983,0.9753,0.6667,0.3356,0.1031,4.2277,17.0086,5.7527,7.9847
flat_resnet34_seed42,flat,resnet34,42,True,2,22,0.84,0.9295,0.9259,0.932,0.9286,0.9153,0.8766,0.9713,0.856,0.8283,0.8966,0.7913,0.7653,0.7738,0.8739,0.7586,0.9545,0.7593,0.4025,0.0329,21.2949,85.2481,3.2557,23.3556
flat_resnet34_seed43,flat,resnet34,43,True,2,38,0.835,0.9358,0.9337,0.9373,0.9349,0.9229,0.8929,0.9803,0.8669,0.8403,0.8707,0.7418,0.7164,0.7201,0.8393,0.819,0.9368,0.6759,0.3452,0.0651,21.2949,85.2481,3.5871,22.6069
flat_resnet34_seed44,flat,resnet34,44,True,2,30,0.8219,0.9257,0.9194,0.9309,0.924,0.9111,0.8778,0.9799,0.856,0.8209,0.8793,0.7459,0.7168,0.7247,0.8517,0.8103,0.9468,0.6944,0.3559,0.0464,21.2949,85.2481,3.2149,22.8196
flat_resnet50_seed42,flat,resnet50,42,True,2,19,0.8421,0.9395,0.9348,0.9429,0.9377,0.9277,0.869,0.9841,0.8752,0.8486,0.8707,0.7337,0.6985,0.7074,0.8415,0.7155,0.988,0.6389,0.3353,0.0689,23.549,94.409,4.5523,29.7624
flat_resnet50_seed43,flat,resnet50,43,True,2,16,0.8488,0.927,0.9197,0.9342,0.9254,0.9127,0.8652,0.9709,0.8628,0.8327,0.8966,0.787,0.7555,0.7587,0.8736,0.7069,0.9878,0.7222,0.3759,0.0304,23.549,94.409,4.8004,29.8394
flat_resnet50_seed44,flat,resnet50,44,True,2,11,0.8397,0.9307,0.9289,0.9388,0.9332,0.917,0.8426,0.9731,0.8669,0.8351,0.8448,0.7046,0.6937,0.6944,0.8065,0.6552,0.9868,0.5833,0.2977,0.0859,23.549,94.409,4.5542,29.0656
