time,run,phase,model,seed,pretrained,epochs1,lr1,epochs2,lr_backbone,lr_head,patience,weight_decay,best_val_f1,best_stage,best_epoch,stage2_epochs_run,minutes,task,balance
2026-09-19T09:48:20,effnetv2b0_seed42,tuning,effnetv2b0,42,True,10,0.001,40,1e-05,0.0001,8,0.0001,0.8905,2,18,26,4.4,,
2026-09-19T09:57:35,effnetv2b0_seed42_e1_ep80,tuning,effnetv2b0,42,True,10,0.001,80,1e-05,0.0001,15,0.0001,0.9094,2,61,76,9.1,,
2026-09-19T10:03:00,effnetv2b0_seed42_e2_lr1e-4,tuning,effnetv2b0,42,True,10,0.001,40,0.0001,0.001,8,0.0001,0.9211,2,16,24,5.3,,
2026-09-19T10:09:20,effnetv2b0_seed42_e3_lr3e-5,tuning,effnetv2b0,42,True,10,0.001,40,3e-05,0.0003,8,0.0001,0.9137,2,26,34,5.6,,
2026-09-19T10:15:01,effnetv2b0_seed42_e4_lr3e-4,tuning,effnetv2b0,42,True,10,0.001,40,0.0003,0.003,8,0.0001,0.9282,2,21,29,5.5,,
2026-09-19T10:19:46,effnetv2b0_seed42_e5_lr1e-4_ep20,tuning,effnetv2b0,42,True,10,0.001,20,0.0001,0.001,8,0.0001,0.9186,2,16,20,4.6,,
2026-09-19T10:24:09,effnetv2b0_seed42_e6_lr1e-3,tuning,effnetv2b0,42,True,10,0.001,40,0.001,0.01,8,0.0001,0.9135,2,4,12,3.6,,
2026-09-19T10:30:16,effnetv2b0_seed42_e7_lr3e-4_ep60,tuning,effnetv2b0,42,True,10,0.001,60,0.0003,0.003,12,0.0001,0.9307,2,20,32,6.0,,
2026-09-19T10:34:38,effnetv2b0_seed43_e2_lr1e-4,tuning,effnetv2b0,43,True,10,0.001,40,0.0001,0.001,8,0.0001,0.9163,2,9,17,4.2,,
2026-09-19T10:41:26,effnetv2b0_seed43_e4_lr3e-4,tuning,effnetv2b0,43,True,10,0.001,40,0.0003,0.003,8,0.0001,0.9358,2,29,37,6.6,,
2026-09-19T10:46:50,effnetv2b0_seed44_e2_lr1e-4,tuning,effnetv2b0,44,True,10,0.001,40,0.0001,0.001,8,0.0001,0.9234,2,18,26,5.2,,
2026-09-19T10:52:13,effnetv2b0_seed44_e4_lr3e-4,tuning,effnetv2b0,44,True,10,0.001,40,0.0003,0.003,8,0.0001,0.9261,2,16,24,5.3,,
2026-09-19T10:57:29,mobilenetv3_seed42_old_lr1e-5,tuning,mobilenetv3,42,True,10,0.001,40,1e-05,0.0001,8,0.0001,0.8535,1,10,8,3.5,,
2026-09-19T11:03:23,mobilenetv3_seed42,tuning,mobilenetv3,42,True,10,0.001,40,0.0003,0.003,8,0.0001,0.909,2,21,29,5.8,,
2026-09-19T11:06:35,resnet50_seed42_old_lr1e-5,tuning,resnet50,42,True,10,0.001,40,1e-05,0.0001,8,0.0001,0.7661,1,10,8,3.0,,
2026-09-19T11:11:48,resnet50_seed42,tuning,resnet50,42,True,10,0.001,40,0.0003,0.003,8,0.0001,0.9069,2,17,25,5.1,,
2026-09-19T11:18:04,effnetv2b0_seed42_e8_wd0.01,tuning,effnetv2b0,42,True,10,0.001,40,0.0003,0.003,8,0.01,0.9282,2,14,22,4.8,,
2026-09-19T11:22:44,effnetv2b0_seed42_e9_wd0.05,tuning,effnetv2b0,42,True,10,0.001,40,0.0003,0.003,8,0.05,0.9283,2,17,25,4.5,,
2026-09-19T12:10:39,effnetv2b0_seed42,final,effnetv2b0,42,True,10,0.001,40,0.0003,0.003,8,0.0001,0.9477,2,14,22,5.5,,
2026-09-19T12:16:01,mobilenetv3_seed42,final,mobilenetv3,42,True,10,0.001,40,0.0003,0.003,8,0.0001,0.937,2,8,16,5.2,,
2026-09-19T12:23:25,resnet50_seed42,final,resnet50,42,True,10,0.001,40,0.0003,0.003,8,0.0001,0.9225,2,37,40,7.2,,
2026-09-19T12:29:38,effnetv2b0_seed43,final,effnetv2b0,43,True,10,0.001,40,0.0003,0.003,8,0.0001,0.9401,2,26,34,6.1,,
2026-09-19T12:34:47,mobilenetv3_seed43,final,mobilenetv3,43,True,10,0.001,40,0.0003,0.003,8,0.0001,0.9344,2,22,30,5.0,,
2026-09-19T12:41:04,resnet50_seed43,final,resnet50,43,True,10,0.001,40,0.0003,0.003,8,0.0001,0.927,2,28,36,6.1,,
2026-09-19T12:45:26,effnetv2b0_seed44,final,effnetv2b0,44,True,10,0.001,40,0.0003,0.003,8,0.0001,0.9319,2,11,19,4.2,,
2026-09-19T12:49:46,mobilenetv3_seed44,final,mobilenetv3,44,True,10,0.001,40,0.0003,0.003,8,0.0001,0.9323,2,13,21,4.2,,
2026-09-19T12:55:34,resnet50_seed44,final,resnet50,44,True,10,0.001,40,0.0003,0.003,8,0.0001,0.911,2,24,32,5.6,,
2026-09-19T19:17:28,effnetv2b0_seed42,final,effnetv2b0,42,True,10,0.001,40,0.0003,0.003,8,0.0001,0.952,2,11,19,9.0,genus,
2026-09-19T19:20:50,species-astrophytum_effnetv2b0_seed42,final,effnetv2b0,42,True,10,0.001,40,0.0003,0.003,8,0.0001,0.895,2,11,19,3.2,species-astrophytum,
2026-09-19T19:23:39,species-echinopsis_effnetv2b0_seed42,final,effnetv2b0,42,True,10,0.001,40,0.0003,0.003,8,0.0001,0.7974,2,3,11,2.3,species-echinopsis,
2026-09-19T19:25:50,species-gymnocalycium_effnetv2b0_seed42,final,effnetv2b0,42,True,10,0.001,40,0.0003,0.003,8,0.0001,0.8388,2,12,20,2.0,species-gymnocalycium,
2026-09-19T19:29:01,species-mammillaria_effnetv2b0_seed42,final,effnetv2b0,42,True,10,0.001,40,0.0003,0.003,8,0.0001,0.9279,2,8,16,3.0,species-mammillaria,
2026-09-19T19:31:36,species-parodia_effnetv2b0_seed42,final,effnetv2b0,42,True,10,0.001,40,0.0003,0.003,8,0.0001,0.8898,2,5,13,2.4,species-parodia,
2026-09-19T19:41:50,flat_effnetv2b0_seed42,final,effnetv2b0,42,True,10,0.001,40,0.0003,0.003,8,0.0001,0.8421,2,24,32,10.1,flat,
2026-09-26T17:36:31,flat_mobilenetv3_seed42,final,mobilenetv3,42,True,10,0.001,40,0.0003,0.003,8,0.0001,0.8412,2,25,33,10.7,flat,
2026-09-26T17:48:06,flat_resnet50_seed42,final,resnet50,42,True,10,0.001,40,0.0003,0.003,8,0.0001,0.8288,2,14,22,11.2,flat,
2026-09-26T18:06:43,flat_resnet34_seed42,final,resnet34,42,True,10,0.001,40,0.0003,0.003,8,0.0001,0.8257,2,25,33,11.1,flat,
2026-09-26T18:15:53,flat_effnetb3_seed42,final,effnetb3,42,True,10,0.001,40,0.0003,0.003,8,0.0001,0.8369,2,10,18,9.0,flat,
2026-09-26T18:35:38,flat_densenet121_seed42,final,densenet121,42,True,10,0.001,40,0.0003,0.003,8,0.0001,0.84,2,24,32,12.7,flat,
2026-09-26T20:10:53,flat_effnetv2b0_seed42_bal-none,tuning,effnetv2b0,42,True,10,0.001,40,0.0003,0.003,8,0.0001,0.809,2,5,13,7.4,flat,none
2026-09-26T20:18:29,flat_effnetv2b0_seed42_bal-weight,tuning,effnetv2b0,42,True,10,0.001,40,0.0003,0.003,8,0.0001,0.8169,2,6,14,7.3,flat,weight
2026-09-26T20:25:58,flat_effnetv2b0_seed42_bal-undersample,tuning,effnetv2b0,42,True,10,0.001,40,0.0003,0.003,8,0.0001,0.7832,2,17,25,7.1,flat,undersample
2026-09-26T20:33:56,flat_effnetv2b0_seed43_bal-none,tuning,effnetv2b0,43,True,10,0.001,40,0.0003,0.003,8,0.0001,0.8084,2,10,18,7.7,flat,none
2026-09-26T20:40:18,flat_effnetv2b0_seed43_bal-weight,tuning,effnetv2b0,43,True,10,0.001,40,0.0003,0.003,8,0.0001,0.8252,2,4,12,6.2,flat,weight
2026-09-26T20:48:53,flat_effnetv2b0_seed43_bal-undersample,tuning,effnetv2b0,43,True,10,0.001,40,0.0003,0.003,8,0.0001,0.7856,2,29,37,8.4,flat,undersample
2026-09-26T22:26:02,flat_effnetv2b0_seed42,final,effnetv2b0,42,True,10,0.001,40,0.0003,0.003,8,0.0001,0.809,2,5,13,5.7,flat,none
2026-09-26T22:33:13,flat_mobilenetv3_seed42,final,mobilenetv3,42,True,10,0.001,40,0.0003,0.003,8,0.0001,0.8113,2,12,20,7.0,flat,none
2026-09-26T22:47:11,flat_resnet34_seed42,final,resnet34,42,True,10,0.001,40,0.0003,0.003,8,0.0001,0.7992,2,14,22,9.1,flat,none
2026-09-26T23:05:58,flat_resnet50_seed42,final,resnet50,42,True,10,0.001,40,0.0003,0.003,8,0.0001,0.7969,2,26,34,12.6,flat,none
2026-09-26T23:16:38,flat_effnetv2b0_seed43,final,effnetv2b0,43,True,10,0.001,40,0.0003,0.003,8,0.0001,0.8084,2,10,18,8.3,flat,none
2026-09-26T23:25:00,flat_mobilenetv3_seed43,final,mobilenetv3,43,True,10,0.001,40,0.0003,0.003,8,0.0001,0.7864,2,7,15,8.1,flat,none
2026-09-26T23:36:57,flat_densenet121_seed43,final,densenet121,43,True,10,0.001,40,0.0003,0.003,8,0.0001,0.8139,2,16,24,11.5,flat,none
2026-09-26T23:50:42,flat_resnet34_seed43,final,resnet34,43,True,10,0.001,40,0.0003,0.003,8,0.0001,0.7968,2,34,40,13.5,flat,none
2026-09-27T00:08:25,flat_resnet50_seed43,final,resnet50,43,True,10,0.001,40,0.0003,0.003,8,0.0001,0.7965,2,23,31,11.5,flat,none
2026-09-27T00:20:58,flat_effnetv2b0_seed44,final,effnetv2b0,44,True,10,0.001,40,0.0003,0.003,8,0.0001,0.8242,2,18,26,10.4,flat,none
2026-09-27T00:29:12,flat_mobilenetv3_seed44,final,mobilenetv3,44,True,10,0.001,40,0.0003,0.003,8,0.0001,0.807,2,13,21,8.0,flat,none
2026-09-27T00:42:38,flat_densenet121_seed44,final,densenet121,44,True,10,0.001,40,0.0003,0.003,8,0.0001,0.8134,2,34,40,13.2,flat,none
2026-09-27T00:53:06,flat_resnet34_seed44,final,resnet34,44,True,10,0.001,40,0.0003,0.003,8,0.0001,0.7994,2,23,31,10.2,flat,none
2026-09-27T01:06:34,flat_resnet50_seed44,final,resnet50,44,True,10,0.001,40,0.0003,0.003,8,0.0001,0.8007,2,12,20,7.7,flat,none
2026-09-27T01:22:06,flat_densenet121_seed42,final,densenet121,42,True,10,0.001,40,0.0003,0.003,8,0.0001,0.8075,2,28,36,11.9,flat,none
2026-09-27T01:30:19,flat_effnetb3_seed42,final,effnetb3,42,True,10,0.001,40,0.0003,0.003,8,0.0001,0.7961,2,8,16,8.0,flat,none
2026-09-27T01:40:28,flat_effnetb3_seed43,final,effnetb3,43,True,10,0.001,40,0.0003,0.003,8,0.0001,0.8042,2,16,24,10.0,flat,none
2026-09-27T01:52:15,flat_effnetb3_seed44,final,effnetb3,44,True,10,0.001,40,0.0003,0.003,8,0.0001,0.8147,2,23,31,11.6,flat,none
2026-10-07T01:09:20,flat_effnetv2b0_seed42,final,effnetv2b0,42,True,10,0.001,40,0.0003,0.003,8,0.0001,0.8559,2,13,21,11.5,flat,none
2026-10-07T01:21:51,flat_mobilenetv3_seed42,final,mobilenetv3,42,True,10,0.001,40,0.0003,0.003,8,0.0001,0.8546,2,29,37,12.3,flat,none
2026-10-07T01:31:34,flat_densenet121_seed42,final,densenet121,42,True,10,0.001,40,0.0003,0.003,8,0.0001,0.8506,2,19,27,9.6,flat,none
2026-10-07T01:41:07,flat_resnet34_seed42,final,resnet34,42,True,10,0.001,40,0.0003,0.003,8,0.0001,0.84,2,22,30,9.4,flat,none
2026-10-07T01:50:35,flat_effnetb3_seed42,final,effnetb3,42,True,10,0.001,40,0.0003,0.003,8,0.0001,0.8354,2,18,26,9.3,flat,none
2026-10-07T01:59:29,flat_resnet50_seed42,final,resnet50,42,True,10,0.001,40,0.0003,0.003,8,0.0001,0.8421,2,19,27,8.8,flat,none
2026-10-07T02:05:54,flat_effnetv2b0_seed43,final,effnetv2b0,43,True,10,0.001,40,0.0003,0.003,8,0.0001,0.8471,2,8,16,6.3,flat,none
2026-10-07T02:13:55,flat_mobilenetv3_seed43,final,mobilenetv3,43,True,10,0.001,40,0.0003,0.003,8,0.0001,0.85,2,15,23,7.9,flat,none
2026-10-07T02:21:20,flat_densenet121_seed43,final,densenet121,43,True,10,0.001,40,0.0003,0.003,8,0.0001,0.8524,2,11,19,7.3,flat,none
2026-10-07T02:32:49,flat_resnet34_seed43,final,resnet34,43,True,10,0.001,40,0.0003,0.003,8,0.0001,0.835,2,38,40,11.4,flat,none
2026-10-07T02:41:04,flat_effnetb3_seed43,final,effnetb3,43,True,10,0.001,40,0.0003,0.003,8,0.0001,0.8392,2,14,22,8.1,flat,none
2026-10-07T02:49:13,flat_resnet50_seed43,final,resnet50,43,True,10,0.001,40,0.0003,0.003,8,0.0001,0.8488,2,16,24,8.0,flat,none
2026-10-07T02:59:06,flat_effnetv2b0_seed44,final,effnetv2b0,44,True,10,0.001,40,0.0003,0.003,8,0.0001,0.8599,2,24,32,9.8,flat,none
2026-10-07T03:08:50,flat_mobilenetv3_seed44,final,mobilenetv3,44,True,10,0.001,40,0.0003,0.003,8,0.0001,0.8544,2,23,31,9.6,flat,none
2026-10-07T03:17:52,flat_densenet121_seed44,final,densenet121,44,True,10,0.001,40,0.0003,0.003,8,0.0001,0.8533,2,18,26,8.9,flat,none
2026-10-07T03:28:56,flat_resnet34_seed44,final,resnet34,44,True,10,0.001,40,0.0003,0.003,8,0.0001,0.8219,2,30,38,10.9,flat,none
2026-10-07T03:38:27,flat_effnetb3_seed44,final,effnetb3,44,True,10,0.001,40,0.0003,0.003,8,0.0001,0.8482,2,19,27,9.4,flat,none
2026-10-07T03:45:32,flat_resnet50_seed44,final,resnet50,44,True,10,0.001,40,0.0003,0.003,8,0.0001,0.8397,2,11,19,6.9,flat,none
