image_id,label,species,subclass,filepath
inat_399179731_732345694,gymnocalycium,Gymnocalycium cabreraense,normal,data/raw/inaturalist/gymnocalycium/inat_399179731_732345694.jpg
inat_399179728_732345178,gymnocalycium,Gymnocalycium cabreraense,normal,data/raw/inaturalist/gymnocalycium/inat_399179728_732345178.jpg
inat_397834414_729713782,gymnocalycium,Gymnocalycium mihanovichii,colored,data/raw/inaturalist/gymnocalycium/inat_397834414_729713782.jpg
inat_397673115_729411754,gymnocalycium,Gymnocalycium mihanovichii,colored,data/raw/inaturalist/gymnocalycium/inat_397673115_729411754.jpg
inat_397223643_728527824,gymnocalycium,Gymnocalycium mihanovichii,colored,data/raw/inaturalist/gymnocalycium/inat_397223643_728527824.jpg
inat_395184576_724583866,gymnocalycium,Gymnocalycium mihanovichii,colored,data/raw/inaturalist/gymnocalycium/inat_395184576_724583866.jpg
inat_394996375_724199432,gymnocalycium,Gymnocalycium anisitsii,normal,data/raw/inaturalist/gymnocalycium/inat_394996375_724199432.jpg
inat_394690800_723609368,gymnocalycium,Gymnocalycium mihanovichii,colored,data/raw/inaturalist/gymnocalycium/inat_394690800_723609368.jpg
inat_393789150_721835277,gymnocalycium,Gymnocalycium mihanovichii,colored,data/raw/inaturalist/gymnocalycium/inat_393789150_721835277.jpg
inat_393374889_721027151,gymnocalycium,Gymnocalycium mihanovichii,colored,data/raw/inaturalist/gymnocalycium/inat_393374889_721027151.jpg
inat_393374712_721026834,gymnocalycium,Gymnocalycium mihanovichii,colored,data/raw/inaturalist/gymnocalycium/inat_393374712_721026834.jpg
inat_392944272_720180218,gymnocalycium,,normal,data/raw/inaturalist/gymnocalycium/inat_392944272_720180218.jpg
inat_392925206_721824348,gymnocalycium,Gymnocalycium saglionis,normal,data/raw/inaturalist/gymnocalycium/inat_392925206_721824348.jpg
inat_392777989_719855457,gymnocalycium,,normal,data/raw/inaturalist/gymnocalycium/inat_392777989_719855457.jpg
inat_392225312_718773662,gymnocalycium,Gymnocalycium mihanovichii,colored,data/raw/inaturalist/gymnocalycium/inat_392225312_718773662.jpg
inat_392180163_718686684,gymnocalycium,Gymnocalycium mihanovichii,variegated,data/raw/inaturalist/gymnocalycium/inat_392180163_718686684.jpg
inat_392137107_718599538,gymnocalycium,Gymnocalycium mihanovichii,colored,data/raw/inaturalist/gymnocalycium/inat_392137107_718599538.jpg
inat_391827727_718001059,gymnocalycium,Gymnocalycium mihanovichii,colored,data/raw/inaturalist/gymnocalycium/inat_391827727_718001059.jpg
inat_390694395_715800002,gymnocalycium,Gymnocalycium mihanovichii,colored,data/raw/inaturalist/gymnocalycium/inat_390694395_715800002.jpg
inat_388576368_711684576,gymnocalycium,Gymnocalycium monvillei,normal,data/raw/inaturalist/gymnocalycium/inat_388576368_711684576.jpg
inat_388576361_711683925,gymnocalycium,Gymnocalycium bodenbenderianum,normal,data/raw/inaturalist/gymnocalycium/inat_388576361_711683925.jpg
inat_388576360_711684234,gymnocalycium,Gymnocalycium monvillei,normal,data/raw/inaturalist/gymnocalycium/inat_388576360_711684234.jpg
inat_388576356_711682499,gymnocalycium,Gymnocalycium striglianum,normal,data/raw/inaturalist/gymnocalycium/inat_388576356_711682499.jpg
inat_388576352_711680493,gymnocalycium,Gymnocalycium andreae,normal,data/raw/inaturalist/gymnocalycium/inat_388576352_711680493.jpg
inat_388576349_711679813,gymnocalycium,Gymnocalycium baldianum,normal,data/raw/inaturalist/gymnocalycium/inat_388576349_711679813.jpg
inat_388576326_711671216,gymnocalycium,Gymnocalycium hossei,normal,data/raw/inaturalist/gymnocalycium/inat_388576326_711671216.jpg
inat_388420279_711387124,gymnocalycium,Gymnocalycium anisitsii,normal,data/raw/inaturalist/gymnocalycium/inat_388420279_711387124.jpg
inat_388279646_711100385,gymnocalycium,Gymnocalycium spegazzinii,normal,data/raw/inaturalist/gymnocalycium/inat_388279646_711100385.jpg
inat_388279628_711098255,gymnocalycium,Gymnocalycium bodenbenderianum,normal,data/raw/inaturalist/gymnocalycium/inat_388279628_711098255.jpg
inat_387792489_710151170,gymnocalycium,Gymnocalycium mihanovichii,,data/raw/inaturalist/gymnocalycium/inat_387792489_710151170.jpg
inat_387736980_710040538,gymnocalycium,Gymnocalycium mihanovichii,colored,data/raw/inaturalist/gymnocalycium/inat_387736980_710040538.jpg
inat_385631603_706001315,gymnocalycium,Gymnocalycium mihanovichii,,data/raw/inaturalist/gymnocalycium/inat_385631603_706001315.jpg
inat_385451153_705651947,gymnocalycium,Gymnocalycium ragonesei,normal,data/raw/inaturalist/gymnocalycium/inat_385451153_705651947.jpg
inat_384548807_703940502,gymnocalycium,Gymnocalycium mihanovichii,colored,data/raw/inaturalist/gymnocalycium/inat_384548807_703940502.jpg
inat_380490149_696105334,gymnocalycium,Gymnocalycium mihanovichii,colored,data/raw/inaturalist/gymnocalycium/inat_380490149_696105334.jpg
inat_378325467_691923844,gymnocalycium,Gymnocalycium mihanovichii,colored,data/raw/inaturalist/gymnocalycium/inat_378325467_691923844.jpg
inat_377887420_691079443,gymnocalycium,Gymnocalycium mihanovichii,colored,data/raw/inaturalist/gymnocalycium/inat_377887420_691079443.jpg
inat_377870229_691045259,gymnocalycium,Gymnocalycium mihanovichii,normal,data/raw/inaturalist/gymnocalycium/inat_377870229_691045259.jpg
inat_376254869_687921708,gymnocalycium,,normal,data/raw/inaturalist/gymnocalycium/inat_376254869_687921708.jpg
inat_375653552_686765923,gymnocalycium,Gymnocalycium baldianum,colored,data/raw/inaturalist/gymnocalycium/inat_375653552_686765923.jpg
inat_375120372_685720630,gymnocalycium,,normal,data/raw/inaturalist/gymnocalycium/inat_375120372_685720630.jpg
inat_374305263_684142570,gymnocalycium,Gymnocalycium ragonesei,normal,data/raw/inaturalist/gymnocalycium/inat_374305263_684142570.jpg
inat_373963676_683387843,gymnocalycium,Gymnocalycium mihanovichii,colored,data/raw/inaturalist/gymnocalycium/inat_373963676_683387843.jpg
inat_373963674_683387844,gymnocalycium,Gymnocalycium mihanovichii,variegated,data/raw/inaturalist/gymnocalycium/inat_373963674_683387844.jpg
inat_373589370_682765334,gymnocalycium,Gymnocalycium mihanovichii,colored,data/raw/inaturalist/gymnocalycium/inat_373589370_682765334.jpg
inat_372869309_681390331,gymnocalycium,Gymnocalycium eurypleurum,normal,data/raw/inaturalist/gymnocalycium/inat_372869309_681390331.jpg
inat_371870029_679473435,gymnocalycium,Gymnocalycium mihanovichii,,data/raw/inaturalist/gymnocalycium/inat_371870029_679473435.jpg
inat_371476787_678720422,gymnocalycium,Gymnocalycium mihanovichii,variegated,data/raw/inaturalist/gymnocalycium/inat_371476787_678720422.jpg
inat_370806464_677446020,gymnocalycium,Gymnocalycium mihanovichii,colored,data/raw/inaturalist/gymnocalycium/inat_370806464_677446020.jpg
inat_370416116_676682363,gymnocalycium,Gymnocalycium baldianum,normal,data/raw/inaturalist/gymnocalycium/inat_370416116_676682363.jpg
inat_367023497_670227857,gymnocalycium,Gymnocalycium mihanovichii,variegated,data/raw/inaturalist/gymnocalycium/inat_367023497_670227857.jpg
inat_366192972_668640162,gymnocalycium,Gymnocalycium mihanovichii,colored,data/raw/inaturalist/gymnocalycium/inat_366192972_668640162.jpg
inat_365860384_668003072,gymnocalycium,Gymnocalycium mihanovichii,colored,data/raw/inaturalist/gymnocalycium/inat_365860384_668003072.jpg
inat_365066341_666494036,gymnocalycium,Gymnocalycium mihanovichii,colored,data/raw/inaturalist/gymnocalycium/inat_365066341_666494036.jpg
inat_363377194_663301058,gymnocalycium,Gymnocalycium ragonesei,normal,data/raw/inaturalist/gymnocalycium/inat_363377194_663301058.jpg
inat_362501937_661701330,gymnocalycium,Gymnocalycium mihanovichii,colored,data/raw/inaturalist/gymnocalycium/inat_362501937_661701330.jpg
inat_361903304_660508663,gymnocalycium,,normal,data/raw/inaturalist/gymnocalycium/inat_361903304_660508663.jpg
inat_359191258_655327139,gymnocalycium,Gymnocalycium mihanovichii,normal,data/raw/inaturalist/gymnocalycium/inat_359191258_655327139.jpg
inat_358477999_653956696,gymnocalycium,Gymnocalycium mihanovichii,colored,data/raw/inaturalist/gymnocalycium/inat_358477999_653956696.jpg
inat_357663075_665755014,gymnocalycium,Gymnocalycium saglionis,normal,data/raw/inaturalist/gymnocalycium/inat_357663075_665755014.jpg
inat_357436272_651938265,gymnocalycium,,normal,data/raw/inaturalist/gymnocalycium/inat_357436272_651938265.jpg
inat_357436244_651938194,gymnocalycium,,normal,data/raw/inaturalist/gymnocalycium/inat_357436244_651938194.jpg
inat_357012523_651101830,gymnocalycium,Gymnocalycium mostii,normal,data/raw/inaturalist/gymnocalycium/inat_357012523_651101830.jpg
inat_356121195_649424306,gymnocalycium,,normal,data/raw/inaturalist/gymnocalycium/inat_356121195_649424306.jpg
inat_355737578_648736657,gymnocalycium,Gymnocalycium mihanovichii,colored,data/raw/inaturalist/gymnocalycium/inat_355737578_648736657.jpg
inat_355146361_647788658,gymnocalycium,Gymnocalycium mihanovichii,variegated,data/raw/inaturalist/gymnocalycium/inat_355146361_647788658.jpg
inat_353171822_644450754,gymnocalycium,,variegated,data/raw/inaturalist/gymnocalycium/inat_353171822_644450754.jpg
inat_353169861_644446716,gymnocalycium,Gymnocalycium mihanovichii,colored,data/raw/inaturalist/gymnocalycium/inat_353169861_644446716.jpg
inat_352404202_643201391,gymnocalycium,,variegated,data/raw/inaturalist/gymnocalycium/inat_352404202_643201391.jpg
inat_352395842_643185153,gymnocalycium,Gymnocalycium mihanovichii,colored,data/raw/inaturalist/gymnocalycium/inat_352395842_643185153.jpg
inat_352377165_643169354,gymnocalycium,Gymnocalycium mihanovichii,colored,data/raw/inaturalist/gymnocalycium/inat_352377165_643169354.jpg
inat_351980712_642391959,gymnocalycium,,normal,data/raw/inaturalist/gymnocalycium/inat_351980712_642391959.jpg
inat_351519295_641490721,gymnocalycium,Gymnocalycium mihanovichii,colored,data/raw/inaturalist/gymnocalycium/inat_351519295_641490721.jpg
inat_351518843_641489979,gymnocalycium,Gymnocalycium mihanovichii,colored,data/raw/inaturalist/gymnocalycium/inat_351518843_641489979.jpg
inat_351110799_640689390,gymnocalycium,Gymnocalycium mihanovichii,colored,data/raw/inaturalist/gymnocalycium/inat_351110799_640689390.jpg
inat_349798598_638149817,gymnocalycium,Gymnocalycium mihanovichii,colored,data/raw/inaturalist/gymnocalycium/inat_349798598_638149817.jpg
inat_349640918_637843646,gymnocalycium,Gymnocalycium mihanovichii,colored,data/raw/inaturalist/gymnocalycium/inat_349640918_637843646.jpg
inat_349571195_637708621,gymnocalycium,Gymnocalycium mihanovichii,colored,data/raw/inaturalist/gymnocalycium/inat_349571195_637708621.jpg
inat_349418262_637404246,gymnocalycium,,normal,data/raw/inaturalist/gymnocalycium/inat_349418262_637404246.jpg
inat_349315324_637200771,gymnocalycium,Gymnocalycium mihanovichii,colored,data/raw/inaturalist/gymnocalycium/inat_349315324_637200771.jpg
inat_348650325_635895858,gymnocalycium,Gymnocalycium mihanovichii,colored,data/raw/inaturalist/gymnocalycium/inat_348650325_635895858.jpg
inat_346863692_632344596,gymnocalycium,Gymnocalycium mihanovichii,colored,data/raw/inaturalist/gymnocalycium/inat_346863692_632344596.jpg
inat_346673940_631969712,gymnocalycium,Gymnocalycium mihanovichii,colored,data/raw/inaturalist/gymnocalycium/inat_346673940_631969712.jpg
inat_346296765_631227914,gymnocalycium,Gymnocalycium mihanovichii,colored,data/raw/inaturalist/gymnocalycium/inat_346296765_631227914.jpg
inat_346165769_630964649,gymnocalycium,,normal,data/raw/inaturalist/gymnocalycium/inat_346165769_630964649.jpg
inat_345572622_629791826,gymnocalycium,Gymnocalycium mihanovichii,colored,data/raw/inaturalist/gymnocalycium/inat_345572622_629791826.jpg
inat_344494798_627695005,gymnocalycium,Gymnocalycium mihanovichii,variegated,data/raw/inaturalist/gymnocalycium/inat_344494798_627695005.jpg
inat_343580470_625897531,gymnocalycium,Gymnocalycium mihanovichii,,data/raw/inaturalist/gymnocalycium/inat_343580470_625897531.jpg
inat_343218749_625158121,gymnocalycium,Gymnocalycium mihanovichii,normal,data/raw/inaturalist/gymnocalycium/inat_343218749_625158121.jpg
inat_342121869_622957384,gymnocalycium,Gymnocalycium mihanovichii,normal,data/raw/inaturalist/gymnocalycium/inat_342121869_622957384.jpg
inat_341468512_621634852,gymnocalycium,Gymnocalycium baldianum,normal,data/raw/inaturalist/gymnocalycium/inat_341468512_621634852.jpg
inat_341313475_621312990,gymnocalycium,Gymnocalycium mihanovichii,,data/raw/inaturalist/gymnocalycium/inat_341313475_621312990.jpg
inat_340491315_619618251,gymnocalycium,Gymnocalycium horstii,normal,data/raw/inaturalist/gymnocalycium/inat_340491315_619618251.jpg
inat_340130123_618903619,gymnocalycium,,normal,data/raw/inaturalist/gymnocalycium/inat_340130123_618903619.jpg
inat_340092977_619391711,gymnocalycium,Gymnocalycium mihanovichii,normal,data/raw/inaturalist/gymnocalycium/inat_340092977_619391711.jpg
inat_339630629_617873631,gymnocalycium,Gymnocalycium mihanovichii,colored,data/raw/inaturalist/gymnocalycium/inat_339630629_617873631.jpg
inat_339406021_617424235,gymnocalycium,,normal,data/raw/inaturalist/gymnocalycium/inat_339406021_617424235.jpg
inat_339276398_617152523,gymnocalycium,Gymnocalycium reductum,normal,data/raw/inaturalist/gymnocalycium/inat_339276398_617152523.jpg
inat_339276397_617152508,gymnocalycium,Gymnocalycium reductum,normal,data/raw/inaturalist/gymnocalycium/inat_339276397_617152508.jpg
inat_339276396_617152495,gymnocalycium,Gymnocalycium bruchii,normal,data/raw/inaturalist/gymnocalycium/inat_339276396_617152495.jpg
inat_339276395_617152489,gymnocalycium,Gymnocalycium reductum,normal,data/raw/inaturalist/gymnocalycium/inat_339276395_617152489.jpg
inat_339276392_617152474,gymnocalycium,Gymnocalycium bruchii,normal,data/raw/inaturalist/gymnocalycium/inat_339276392_617152474.jpg
inat_338810260_616218833,gymnocalycium,Gymnocalycium mihanovichii,colored,data/raw/inaturalist/gymnocalycium/inat_338810260_616218833.jpg
inat_338744397_616082254,gymnocalycium,Gymnocalycium mihanovichii,colored,data/raw/inaturalist/gymnocalycium/inat_338744397_616082254.jpg
inat_338530628_615669735,gymnocalycium,Gymnocalycium mihanovichii,variegated,data/raw/inaturalist/gymnocalycium/inat_338530628_615669735.jpg
inat_338530580_615669468,gymnocalycium,Gymnocalycium mihanovichii,variegated,data/raw/inaturalist/gymnocalycium/inat_338530580_615669468.jpg
inat_338366967_615325523,gymnocalycium,Gymnocalycium mihanovichii,colored,data/raw/inaturalist/gymnocalycium/inat_338366967_615325523.jpg
inat_338358307_615307506,gymnocalycium,Gymnocalycium mihanovichii,variegated,data/raw/inaturalist/gymnocalycium/inat_338358307_615307506.jpg
inat_338259271_615102372,gymnocalycium,Gymnocalycium mihanovichii,colored,data/raw/inaturalist/gymnocalycium/inat_338259271_615102372.jpg
inat_338012832_614598455,gymnocalycium,,variegated,data/raw/inaturalist/gymnocalycium/inat_338012832_614598455.jpg
inat_337522841_613594372,gymnocalycium,Gymnocalycium mihanovichii,normal,data/raw/inaturalist/gymnocalycium/inat_337522841_613594372.jpg
inat_337038798_612600706,gymnocalycium,Gymnocalycium mihanovichii,colored,data/raw/inaturalist/gymnocalycium/inat_337038798_612600706.jpg
inat_336464675_611431816,gymnocalycium,Gymnocalycium mihanovichii,normal,data/raw/inaturalist/gymnocalycium/inat_336464675_611431816.jpg
inat_336009580_610519483,gymnocalycium,Gymnocalycium mihanovichii,,data/raw/inaturalist/gymnocalycium/inat_336009580_610519483.jpg
inat_335276642_609043877,gymnocalycium,Gymnocalycium mihanovichii,colored,data/raw/inaturalist/gymnocalycium/inat_335276642_609043877.jpg
inat_335209172_608911001,gymnocalycium,Gymnocalycium andreae,,data/raw/inaturalist/gymnocalycium/inat_335209172_608911001.jpg
inat_334867599_608211971,gymnocalycium,Gymnocalycium mihanovichii,colored,data/raw/inaturalist/gymnocalycium/inat_334867599_608211971.jpg
inat_334734428_607941429,gymnocalycium,,normal,data/raw/inaturalist/gymnocalycium/inat_334734428_607941429.jpg
inat_333966820_606379569,gymnocalycium,Gymnocalycium mihanovichii,colored,data/raw/inaturalist/gymnocalycium/inat_333966820_606379569.jpg
inat_333869574_606180720,gymnocalycium,Gymnocalycium mihanovichii,variegated,data/raw/inaturalist/gymnocalycium/inat_333869574_606180720.jpg
inat_333714830_605864760,gymnocalycium,Gymnocalycium mihanovichii,normal,data/raw/inaturalist/gymnocalycium/inat_333714830_605864760.jpg
inat_332862958_604179958,gymnocalycium,Gymnocalycium mihanovichii,normal,data/raw/inaturalist/gymnocalycium/inat_332862958_604179958.jpg
inat_331910412_602224383,gymnocalycium,Gymnocalycium mihanovichii,colored,data/raw/inaturalist/gymnocalycium/inat_331910412_602224383.jpg
inat_331874659_602154132,gymnocalycium,Gymnocalycium mihanovichii,colored,data/raw/inaturalist/gymnocalycium/inat_331874659_602154132.jpg
inat_331067415_600497070,gymnocalycium,Gymnocalycium mihanovichii,normal,data/raw/inaturalist/gymnocalycium/inat_331067415_600497070.jpg
inat_330938014_600227688,gymnocalycium,Gymnocalycium mihanovichii,normal,data/raw/inaturalist/gymnocalycium/inat_330938014_600227688.jpg
inat_330863288_600072132,gymnocalycium,Gymnocalycium monvillei,normal,data/raw/inaturalist/gymnocalycium/inat_330863288_600072132.jpg
inat_330653783_599643713,gymnocalycium,Gymnocalycium mihanovichii,colored,data/raw/inaturalist/gymnocalycium/inat_330653783_599643713.jpg
inat_330652385_599581323,gymnocalycium,Gymnocalycium saglionis,normal,data/raw/inaturalist/gymnocalycium/inat_330652385_599581323.jpg
inat_330403318_599125922,gymnocalycium,Gymnocalycium mihanovichii,colored,data/raw/inaturalist/gymnocalycium/inat_330403318_599125922.jpg
inat_330009599_598318983,gymnocalycium,Gymnocalycium mihanovichii,colored,data/raw/inaturalist/gymnocalycium/inat_330009599_598318983.jpg
inat_329823495_597943064,gymnocalycium,Gymnocalycium mihanovichii,colored,data/raw/inaturalist/gymnocalycium/inat_329823495_597943064.jpg
inat_329091606_596469798,gymnocalycium,Gymnocalycium mihanovichii,variegated,data/raw/inaturalist/gymnocalycium/inat_329091606_596469798.jpg
inat_329064517_596415358,gymnocalycium,Gymnocalycium mihanovichii,colored,data/raw/inaturalist/gymnocalycium/inat_329064517_596415358.jpg
inat_327997743_594273315,gymnocalycium,Gymnocalycium mihanovichii,colored,data/raw/inaturalist/gymnocalycium/inat_327997743_594273315.jpg
inat_327515133_593366075,gymnocalycium,,normal,data/raw/inaturalist/gymnocalycium/inat_327515133_593366075.jpg
inat_325192881_588736675,gymnocalycium,,normal,data/raw/inaturalist/gymnocalycium/inat_325192881_588736675.jpg
inat_325135332_588625138,gymnocalycium,Gymnocalycium mihanovichii,variegated,data/raw/inaturalist/gymnocalycium/inat_325135332_588625138.jpg
inat_324212003_586767940,gymnocalycium,Gymnocalycium mihanovichii,colored,data/raw/inaturalist/gymnocalycium/inat_324212003_586767940.jpg
inat_323647044_585653684,gymnocalycium,Gymnocalycium mihanovichii,variegated,data/raw/inaturalist/gymnocalycium/inat_323647044_585653684.jpg
inat_323507192_434365897,gymnocalycium,Gymnocalycium mihanovichii,normal,data/raw/inaturalist/gymnocalycium/inat_323507192_434365897.jpg
inat_322637361_583695855,gymnocalycium,Gymnocalycium mihanovichii,colored,data/raw/inaturalist/gymnocalycium/inat_322637361_583695855.jpg
inat_320691740_579862001,gymnocalycium,Gymnocalycium mihanovichii,colored,data/raw/inaturalist/gymnocalycium/inat_320691740_579862001.jpg
inat_320280429_579051349,gymnocalycium,Gymnocalycium mihanovichii,variegated,data/raw/inaturalist/gymnocalycium/inat_320280429_579051349.jpg
inat_319684659_577906861,gymnocalycium,Gymnocalycium mihanovichii,colored,data/raw/inaturalist/gymnocalycium/inat_319684659_577906861.jpg
inat_319684558_577906722,gymnocalycium,Gymnocalycium mihanovichii,colored,data/raw/inaturalist/gymnocalycium/inat_319684558_577906722.jpg
inat_319465990_577487130,gymnocalycium,Gymnocalycium mihanovichii,normal,data/raw/inaturalist/gymnocalycium/inat_319465990_577487130.jpg
inat_319342972_577246433,gymnocalycium,Gymnocalycium mihanovichii,variegated,data/raw/inaturalist/gymnocalycium/inat_319342972_577246433.jpg
inat_319342945_577246291,gymnocalycium,Gymnocalycium mihanovichii,colored,data/raw/inaturalist/gymnocalycium/inat_319342945_577246291.jpg
inat_319342935_577246243,gymnocalycium,Gymnocalycium mihanovichii,variegated,data/raw/inaturalist/gymnocalycium/inat_319342935_577246243.jpg
inat_319160973_576904063,gymnocalycium,Gymnocalycium mihanovichii,colored,data/raw/inaturalist/gymnocalycium/inat_319160973_576904063.jpg
inat_318514687_575668469,gymnocalycium,,normal,data/raw/inaturalist/gymnocalycium/inat_318514687_575668469.jpg
inat_318323798_575301986,gymnocalycium,Gymnocalycium mihanovichii,colored,data/raw/inaturalist/gymnocalycium/inat_318323798_575301986.jpg
inat_317752382_574209682,gymnocalycium,Gymnocalycium mihanovichii,normal,data/raw/inaturalist/gymnocalycium/inat_317752382_574209682.jpg
inat_316662579_572153145,gymnocalycium,Gymnocalycium mihanovichii,normal,data/raw/inaturalist/gymnocalycium/inat_316662579_572153145.jpg
inat_316639344_572106150,gymnocalycium,Gymnocalycium mihanovichii,colored,data/raw/inaturalist/gymnocalycium/inat_316639344_572106150.jpg
inat_316440450_571728784,gymnocalycium,Gymnocalycium mihanovichii,colored,data/raw/inaturalist/gymnocalycium/inat_316440450_571728784.jpg
inat_316440418_571728725,gymnocalycium,Gymnocalycium mihanovichii,colored,data/raw/inaturalist/gymnocalycium/inat_316440418_571728725.jpg
inat_314817283_568643890,gymnocalycium,Gymnocalycium mihanovichii,colored,data/raw/inaturalist/gymnocalycium/inat_314817283_568643890.jpg
inat_314013531_567124192,gymnocalycium,Gymnocalycium mihanovichii,colored,data/raw/inaturalist/gymnocalycium/inat_314013531_567124192.jpg
inat_312948668_565090359,gymnocalycium,Gymnocalycium mihanovichii,colored,data/raw/inaturalist/gymnocalycium/inat_312948668_565090359.jpg
inat_312887547_564975529,gymnocalycium,Gymnocalycium mihanovichii,colored,data/raw/inaturalist/gymnocalycium/inat_312887547_564975529.jpg
inat_312581700_564384218,gymnocalycium,Gymnocalycium mihanovichii,colored,data/raw/inaturalist/gymnocalycium/inat_312581700_564384218.jpg
inat_311559063_562435125,gymnocalycium,Gymnocalycium mihanovichii,colored,data/raw/inaturalist/gymnocalycium/inat_311559063_562435125.jpg
inat_311559005_562435054,gymnocalycium,Gymnocalycium mihanovichii,colored,data/raw/inaturalist/gymnocalycium/inat_311559005_562435054.jpg
inat_311360429_562056498,gymnocalycium,Gymnocalycium mihanovichii,colored,data/raw/inaturalist/gymnocalycium/inat_311360429_562056498.jpg
inat_309749896_558982857,gymnocalycium,Gymnocalycium mihanovichii,colored,data/raw/inaturalist/gymnocalycium/inat_309749896_558982857.jpg
inat_309611261_558714098,gymnocalycium,Gymnocalycium mihanovichii,colored,data/raw/inaturalist/gymnocalycium/inat_309611261_558714098.jpg
inat_309492660_558491908,gymnocalycium,Gymnocalycium mihanovichii,,data/raw/inaturalist/gymnocalycium/inat_309492660_558491908.jpg
inat_309478532_558466338,gymnocalycium,Gymnocalycium mihanovichii,colored,data/raw/inaturalist/gymnocalycium/inat_309478532_558466338.jpg
inat_308815614_557186849,gymnocalycium,,normal,data/raw/inaturalist/gymnocalycium/inat_308815614_557186849.jpg
inat_307154912_553983285,gymnocalycium,Gymnocalycium mihanovichii,colored,data/raw/inaturalist/gymnocalycium/inat_307154912_553983285.jpg
inat_305414471_550670612,gymnocalycium,Gymnocalycium mihanovichii,colored,data/raw/inaturalist/gymnocalycium/inat_305414471_550670612.jpg
inat_305296646_550443464,gymnocalycium,Gymnocalycium mihanovichii,colored,data/raw/inaturalist/gymnocalycium/inat_305296646_550443464.jpg
inat_305132702_550135409,gymnocalycium,Gymnocalycium spegazzinii,normal,data/raw/inaturalist/gymnocalycium/inat_305132702_550135409.jpg
inat_303627946_547278418,gymnocalycium,,normal,data/raw/inaturalist/gymnocalycium/inat_303627946_547278418.jpg
inat_300616738_541666573,gymnocalycium,Gymnocalycium mihanovichii,colored,data/raw/inaturalist/gymnocalycium/inat_300616738_541666573.jpg
inat_300615539_541664278,gymnocalycium,Gymnocalycium capillaense,normal,data/raw/inaturalist/gymnocalycium/inat_300615539_541664278.jpg
inat_300615057_541663231,gymnocalycium,Gymnocalycium monvillei,normal,data/raw/inaturalist/gymnocalycium/inat_300615057_541663231.jpg
inat_300614330_541662176,gymnocalycium,Gymnocalycium horstii,normal,data/raw/inaturalist/gymnocalycium/inat_300614330_541662176.jpg
inat_299755869_540054077,gymnocalycium,Gymnocalycium neuhuberi,normal,data/raw/inaturalist/gymnocalycium/inat_299755869_540054077.jpg
inat_299246553_539111697,gymnocalycium,Gymnocalycium mihanovichii,colored,data/raw/inaturalist/gymnocalycium/inat_299246553_539111697.jpg
inat_297727778_536205981,gymnocalycium,Gymnocalycium mihanovichii,colored,data/raw/inaturalist/gymnocalycium/inat_297727778_536205981.jpg
inat_297328063_535462061,gymnocalycium,Gymnocalycium mihanovichii,colored,data/raw/inaturalist/gymnocalycium/inat_297328063_535462061.jpg
inat_297327682_535461309,gymnocalycium,Gymnocalycium mihanovichii,colored,data/raw/inaturalist/gymnocalycium/inat_297327682_535461309.jpg
inat_294581781_530241287,gymnocalycium,Gymnocalycium mihanovichii,normal,data/raw/inaturalist/gymnocalycium/inat_294581781_530241287.jpg
inat_294567198_530215474,gymnocalycium,Gymnocalycium mihanovichii,colored,data/raw/inaturalist/gymnocalycium/inat_294567198_530215474.jpg
inat_292335358_526067374,gymnocalycium,Gymnocalycium mihanovichii,,data/raw/inaturalist/gymnocalycium/inat_292335358_526067374.jpg
inat_291281596_524067174,gymnocalycium,Gymnocalycium mihanovichii,colored,data/raw/inaturalist/gymnocalycium/inat_291281596_524067174.jpg
inat_291087978_523700911,gymnocalycium,Gymnocalycium mihanovichii,colored,data/raw/inaturalist/gymnocalycium/inat_291087978_523700911.jpg
inat_291072513_523670895,gymnocalycium,Gymnocalycium mihanovichii,colored,data/raw/inaturalist/gymnocalycium/inat_291072513_523670895.jpg
inat_289872303_521393314,gymnocalycium,Gymnocalycium saglionis,normal,data/raw/inaturalist/gymnocalycium/inat_289872303_521393314.jpg
inat_289195459_520134496,gymnocalycium,,normal,data/raw/inaturalist/gymnocalycium/inat_289195459_520134496.jpg
inat_289033380_519829153,gymnocalycium,Gymnocalycium baldianum,normal,data/raw/inaturalist/gymnocalycium/inat_289033380_519829153.jpg
inat_288751323_519303912,gymnocalycium,Gymnocalycium baldianum,,data/raw/inaturalist/gymnocalycium/inat_288751323_519303912.jpg
inat_288487921_518809435,gymnocalycium,Gymnocalycium spegazzinii,normal,data/raw/inaturalist/gymnocalycium/inat_288487921_518809435.jpg
inat_286811958_515655742,gymnocalycium,Gymnocalycium mihanovichii,,data/raw/inaturalist/gymnocalycium/inat_286811958_515655742.jpg
inat_286300414_514683742,gymnocalycium,Gymnocalycium mihanovichii,colored,data/raw/inaturalist/gymnocalycium/inat_286300414_514683742.jpg
inat_285586178_513335556,gymnocalycium,Gymnocalycium mihanovichii,colored,data/raw/inaturalist/gymnocalycium/inat_285586178_513335556.jpg
inat_285205832_512628637,gymnocalycium,Gymnocalycium mihanovichii,normal,data/raw/inaturalist/gymnocalycium/inat_285205832_512628637.jpg
inat_284785253_511847511,gymnocalycium,Gymnocalycium baldianum,,data/raw/inaturalist/gymnocalycium/inat_284785253_511847511.jpg
inat_284606429_511502175,gymnocalycium,Gymnocalycium saglionis,normal,data/raw/inaturalist/gymnocalycium/inat_284606429_511502175.jpg
inat_284226750_543216808,gymnocalycium,Gymnocalycium mihanovichii,colored,data/raw/inaturalist/gymnocalycium/inat_284226750_543216808.jpg
inat_284041921_510427935,gymnocalycium,,normal,data/raw/inaturalist/gymnocalycium/inat_284041921_510427935.jpg
inat_283493091_509400365,gymnocalycium,Gymnocalycium marsoneri,normal,data/raw/inaturalist/gymnocalycium/inat_283493091_509400365.jpg
inat_282836119_508175442,gymnocalycium,Gymnocalycium baldianum,normal,data/raw/inaturalist/gymnocalycium/inat_282836119_508175442.jpg
inat_282836118_508175441,gymnocalycium,Gymnocalycium baldianum,normal,data/raw/inaturalist/gymnocalycium/inat_282836118_508175441.jpg
inat_282836113_508175435,gymnocalycium,Gymnocalycium baldianum,normal,data/raw/inaturalist/gymnocalycium/inat_282836113_508175435.jpg
inat_282835648_508181233,gymnocalycium,Gymnocalycium mihanovichii,variegated,data/raw/inaturalist/gymnocalycium/inat_282835648_508181233.jpg
inat_281752542_506159535,gymnocalycium,Gymnocalycium mihanovichii,variegated,data/raw/inaturalist/gymnocalycium/inat_281752542_506159535.jpg
inat_281536914_505752866,gymnocalycium,,normal,data/raw/inaturalist/gymnocalycium/inat_281536914_505752866.jpg
inat_281148811_505019328,gymnocalycium,Gymnocalycium mihanovichii,colored,data/raw/inaturalist/gymnocalycium/inat_281148811_505019328.jpg
inat_281133716_505363257,gymnocalycium,Gymnocalycium mihanovichii,colored,data/raw/inaturalist/gymnocalycium/inat_281133716_505363257.jpg
inat_280392350_503539084,gymnocalycium,Gymnocalycium horstii,normal,data/raw/inaturalist/gymnocalycium/inat_280392350_503539084.jpg
inat_280253629_503325964,gymnocalycium,Gymnocalycium mihanovichii,colored,data/raw/inaturalist/gymnocalycium/inat_280253629_503325964.jpg
inat_280103574_503042411,gymnocalycium,Gymnocalycium mihanovichii,colored,data/raw/inaturalist/gymnocalycium/inat_280103574_503042411.jpg
inat_279098417_501165739,gymnocalycium,Gymnocalycium mihanovichii,variegated,data/raw/inaturalist/gymnocalycium/inat_279098417_501165739.jpg
inat_278902994_500810745,gymnocalycium,Gymnocalycium mihanovichii,normal,data/raw/inaturalist/gymnocalycium/inat_278902994_500810745.jpg
inat_278298641_499707337,gymnocalycium,Gymnocalycium mihanovichii,normal,data/raw/inaturalist/gymnocalycium/inat_278298641_499707337.jpg
inat_278285742_499684475,gymnocalycium,Gymnocalycium mihanovichii,colored,data/raw/inaturalist/gymnocalycium/inat_278285742_499684475.jpg
inat_277966814_499114028,gymnocalycium,Gymnocalycium mihanovichii,variegated,data/raw/inaturalist/gymnocalycium/inat_277966814_499114028.jpg
inat_277397968_498093776,gymnocalycium,Gymnocalycium mihanovichii,,data/raw/inaturalist/gymnocalycium/inat_277397968_498093776.jpg
inat_277166072_497691468,gymnocalycium,,normal,data/raw/inaturalist/gymnocalycium/inat_277166072_497691468.jpg
inat_277165547_497690366,gymnocalycium,,,data/raw/inaturalist/gymnocalycium/inat_277165547_497690366.jpg
inat_277129729_497625851,gymnocalycium,Gymnocalycium mihanovichii,colored,data/raw/inaturalist/gymnocalycium/inat_277129729_497625851.jpg
inat_277039946_497465538,gymnocalycium,,normal,data/raw/inaturalist/gymnocalycium/inat_277039946_497465538.jpg
inat_276832072_497102663,gymnocalycium,,normal,data/raw/inaturalist/gymnocalycium/inat_276832072_497102663.jpg
inat_276320177_496250704,gymnocalycium,Gymnocalycium mihanovichii,colored,data/raw/inaturalist/gymnocalycium/inat_276320177_496250704.jpg
inat_276211851_496080774,gymnocalycium,Gymnocalycium mihanovichii,colored,data/raw/inaturalist/gymnocalycium/inat_276211851_496080774.jpg
inat_275656783_495260540,gymnocalycium,Gymnocalycium mihanovichii,colored,data/raw/inaturalist/gymnocalycium/inat_275656783_495260540.jpg
inat_275580221_495126671,gymnocalycium,Gymnocalycium mihanovichii,colored,data/raw/inaturalist/gymnocalycium/inat_275580221_495126671.jpg
inat_275528824_495078836,gymnocalycium,Gymnocalycium mihanovichii,colored,data/raw/inaturalist/gymnocalycium/inat_275528824_495078836.jpg
inat_275525769_495074559,gymnocalycium,,normal,data/raw/inaturalist/gymnocalycium/inat_275525769_495074559.jpg
inat_275443182_494957162,gymnocalycium,Gymnocalycium horstii,normal,data/raw/inaturalist/gymnocalycium/inat_275443182_494957162.jpg
inat_275198615_494563863,gymnocalycium,,normal,data/raw/inaturalist/gymnocalycium/inat_275198615_494563863.jpg
inat_275141821_494472766,gymnocalycium,Gymnocalycium mihanovichii,colored,data/raw/inaturalist/gymnocalycium/inat_275141821_494472766.jpg
inat_275084437_494383453,gymnocalycium,Gymnocalycium mihanovichii,colored,data/raw/inaturalist/gymnocalycium/inat_275084437_494383453.jpg
inat_275026082_494291149,gymnocalycium,Gymnocalycium mihanovichii,colored,data/raw/inaturalist/gymnocalycium/inat_275026082_494291149.jpg
inat_275017489_494276143,gymnocalycium,Gymnocalycium andreae,normal,data/raw/inaturalist/gymnocalycium/inat_275017489_494276143.jpg
inat_274796008_493927190,gymnocalycium,Gymnocalycium mihanovichii,colored,data/raw/inaturalist/gymnocalycium/inat_274796008_493927190.jpg
inat_274469769_493429776,gymnocalycium,Gymnocalycium mihanovichii,,data/raw/inaturalist/gymnocalycium/inat_274469769_493429776.jpg
inat_274452060_493403049,gymnocalycium,Gymnocalycium mihanovichii,colored,data/raw/inaturalist/gymnocalycium/inat_274452060_493403049.jpg
inat_274073692_492783240,gymnocalycium,Gymnocalycium mihanovichii,normal,data/raw/inaturalist/gymnocalycium/inat_274073692_492783240.jpg
inat_274071314_492779164,gymnocalycium,Gymnocalycium mihanovichii,colored,data/raw/inaturalist/gymnocalycium/inat_274071314_492779164.jpg
inat_273967464_492612820,gymnocalycium,,normal,data/raw/inaturalist/gymnocalycium/inat_273967464_492612820.jpg
inat_273878217_492474101,gymnocalycium,Gymnocalycium mihanovichii,colored,data/raw/inaturalist/gymnocalycium/inat_273878217_492474101.jpg
inat_273582534_492029389,gymnocalycium,Gymnocalycium mihanovichii,colored,data/raw/inaturalist/gymnocalycium/inat_273582534_492029389.jpg
inat_273378194_491692066,gymnocalycium,Gymnocalycium mihanovichii,colored,data/raw/inaturalist/gymnocalycium/inat_273378194_491692066.jpg
inat_273081188_491232753,gymnocalycium,Gymnocalycium mihanovichii,colored,data/raw/inaturalist/gymnocalycium/inat_273081188_491232753.jpg
inat_272997339_491108223,gymnocalycium,Gymnocalycium mihanovichii,colored,data/raw/inaturalist/gymnocalycium/inat_272997339_491108223.jpg
inat_272352994_489981903,gymnocalycium,Gymnocalycium mihanovichii,colored,data/raw/inaturalist/gymnocalycium/inat_272352994_489981903.jpg
inat_272343533_489962895,gymnocalycium,Gymnocalycium mihanovichii,colored,data/raw/inaturalist/gymnocalycium/inat_272343533_489962895.jpg
inat_271770574_488881696,gymnocalycium,Gymnocalycium mihanovichii,colored,data/raw/inaturalist/gymnocalycium/inat_271770574_488881696.jpg
inat_271470967_488317522,gymnocalycium,Gymnocalycium baldianum,normal,data/raw/inaturalist/gymnocalycium/inat_271470967_488317522.jpg
inat_271277884_487952534,gymnocalycium,Gymnocalycium mihanovichii,colored,data/raw/inaturalist/gymnocalycium/inat_271277884_487952534.jpg
inat_271218642_487844256,gymnocalycium,Gymnocalycium mihanovichii,colored,data/raw/inaturalist/gymnocalycium/inat_271218642_487844256.jpg
inat_270820590_487092336,gymnocalycium,Gymnocalycium mihanovichii,colored,data/raw/inaturalist/gymnocalycium/inat_270820590_487092336.jpg
inat_270730477_486915804,gymnocalycium,Gymnocalycium mihanovichii,colored,data/raw/inaturalist/gymnocalycium/inat_270730477_486915804.jpg
inat_270679625_486819586,gymnocalycium,Gymnocalycium mihanovichii,colored,data/raw/inaturalist/gymnocalycium/inat_270679625_486819586.jpg
inat_270676989_486815283,gymnocalycium,Gymnocalycium mihanovichii,colored,data/raw/inaturalist/gymnocalycium/inat_270676989_486815283.jpg
inat_270673715_486809277,gymnocalycium,Gymnocalycium mihanovichii,colored,data/raw/inaturalist/gymnocalycium/inat_270673715_486809277.jpg
inat_270641862_486750133,gymnocalycium,,normal,data/raw/inaturalist/gymnocalycium/inat_270641862_486750133.jpg
inat_270635821_486740405,gymnocalycium,Gymnocalycium mihanovichii,colored,data/raw/inaturalist/gymnocalycium/inat_270635821_486740405.jpg
inat_270629154_486727384,gymnocalycium,Gymnocalycium mihanovichii,colored,data/raw/inaturalist/gymnocalycium/inat_270629154_486727384.jpg
inat_270623224_486715324,gymnocalycium,Gymnocalycium mihanovichii,colored,data/raw/inaturalist/gymnocalycium/inat_270623224_486715324.jpg
inat_270489031_486454172,gymnocalycium,Gymnocalycium andreae,normal,data/raw/inaturalist/gymnocalycium/inat_270489031_486454172.jpg
inat_270104566_485719213,gymnocalycium,Gymnocalycium baldianum,normal,data/raw/inaturalist/gymnocalycium/inat_270104566_485719213.jpg
inat_268923212_483451667,gymnocalycium,,normal,data/raw/inaturalist/gymnocalycium/inat_268923212_483451667.jpg
inat_268791169_483192765,gymnocalycium,Gymnocalycium mihanovichii,colored,data/raw/inaturalist/gymnocalycium/inat_268791169_483192765.jpg
inat_268553159_482740173,gymnocalycium,Gymnocalycium mihanovichii,colored,data/raw/inaturalist/gymnocalycium/inat_268553159_482740173.jpg
inat_268453668_482534439,gymnocalycium,,,data/raw/inaturalist/gymnocalycium/inat_268453668_482534439.jpg
inat_268107236_481883863,gymnocalycium,Gymnocalycium baldianum,normal,data/raw/inaturalist/gymnocalycium/inat_268107236_481883863.jpg
inat_267980831_481643726,gymnocalycium,,normal,data/raw/inaturalist/gymnocalycium/inat_267980831_481643726.jpg
inat_267171967_480104738,gymnocalycium,Gymnocalycium mihanovichii,normal,data/raw/inaturalist/gymnocalycium/inat_267171967_480104738.jpg
inat_267126119_480008956,gymnocalycium,Gymnocalycium mihanovichii,colored,data/raw/inaturalist/gymnocalycium/inat_267126119_480008956.jpg
inat_266859370_479500675,gymnocalycium,Gymnocalycium mihanovichii,colored,data/raw/inaturalist/gymnocalycium/inat_266859370_479500675.jpg
inat_266269472_478393992,gymnocalycium,Gymnocalycium mihanovichii,colored,data/raw/inaturalist/gymnocalycium/inat_266269472_478393992.jpg
inat_266109210_478091298,gymnocalycium,Gymnocalycium mihanovichii,colored,data/raw/inaturalist/gymnocalycium/inat_266109210_478091298.jpg
inat_266106657_478086778,gymnocalycium,Gymnocalycium mihanovichii,colored,data/raw/inaturalist/gymnocalycium/inat_266106657_478086778.jpg
inat_265189754_476294415,gymnocalycium,,,data/raw/inaturalist/gymnocalycium/inat_265189754_476294415.jpg
inat_263774452_473922724,gymnocalycium,Gymnocalycium mihanovichii,colored,data/raw/inaturalist/gymnocalycium/inat_263774452_473922724.jpg
inat_263741619_473852623,gymnocalycium,Gymnocalycium saglionis,normal,data/raw/inaturalist/gymnocalycium/inat_263741619_473852623.jpg
inat_263642564_473665257,gymnocalycium,Gymnocalycium mihanovichii,colored,data/raw/inaturalist/gymnocalycium/inat_263642564_473665257.jpg
inat_263596155_473574197,gymnocalycium,Gymnocalycium mihanovichii,colored,data/raw/inaturalist/gymnocalycium/inat_263596155_473574197.jpg
inat_261868845_470550684,gymnocalycium,Gymnocalycium mihanovichii,normal,data/raw/inaturalist/gymnocalycium/inat_261868845_470550684.jpg
inat_261452669_469713832,gymnocalycium,Gymnocalycium mihanovichii,colored,data/raw/inaturalist/gymnocalycium/inat_261452669_469713832.jpg
inat_261355550_469522174,gymnocalycium,Gymnocalycium mihanovichii,colored,data/raw/inaturalist/gymnocalycium/inat_261355550_469522174.jpg
inat_260784703_468390065,gymnocalycium,Gymnocalycium mihanovichii,variegated,data/raw/inaturalist/gymnocalycium/inat_260784703_468390065.jpg
inat_260565834_476119514,gymnocalycium,,normal,data/raw/inaturalist/gymnocalycium/inat_260565834_476119514.jpg
inat_259993234_466821388,gymnocalycium,Gymnocalycium pflanzii,normal,data/raw/inaturalist/gymnocalycium/inat_259993234_466821388.jpg
inat_259908123_466650841,gymnocalycium,Gymnocalycium mihanovichii,colored,data/raw/inaturalist/gymnocalycium/inat_259908123_466650841.jpg
inat_259789185_466422178,gymnocalycium,Gymnocalycium mihanovichii,colored,data/raw/inaturalist/gymnocalycium/inat_259789185_466422178.jpg
inat_256872940_460660972,gymnocalycium,Gymnocalycium mihanovichii,normal,data/raw/inaturalist/gymnocalycium/inat_256872940_460660972.jpg
inat_256636350_460185865,gymnocalycium,Gymnocalycium mihanovichii,colored,data/raw/inaturalist/gymnocalycium/inat_256636350_460185865.jpg
inat_256337040_459573924,gymnocalycium,Gymnocalycium baldianum,normal,data/raw/inaturalist/gymnocalycium/inat_256337040_459573924.jpg
inat_255771414_458437127,gymnocalycium,,normal,data/raw/inaturalist/gymnocalycium/inat_255771414_458437127.jpg
inat_255112534_457108371,gymnocalycium,Gymnocalycium mihanovichii,colored,data/raw/inaturalist/gymnocalycium/inat_255112534_457108371.jpg
inat_254314092_455497088,gymnocalycium,Gymnocalycium mihanovichii,colored,data/raw/inaturalist/gymnocalycium/inat_254314092_455497088.jpg
inat_254022551_454918694,gymnocalycium,Gymnocalycium mihanovichii,colored,data/raw/inaturalist/gymnocalycium/inat_254022551_454918694.jpg
inat_253747195_454404607,gymnocalycium,,normal,data/raw/inaturalist/gymnocalycium/inat_253747195_454404607.jpg
inat_253661365_454236667,gymnocalycium,Gymnocalycium mihanovichii,colored,data/raw/inaturalist/gymnocalycium/inat_253661365_454236667.jpg
inat_252891251_452753002,gymnocalycium,,normal,data/raw/inaturalist/gymnocalycium/inat_252891251_452753002.jpg
inat_252784109_452550691,gymnocalycium,,normal,data/raw/inaturalist/gymnocalycium/inat_252784109_452550691.jpg
inat_252657906_452321934,gymnocalycium,Gymnocalycium mihanovichii,colored,data/raw/inaturalist/gymnocalycium/inat_252657906_452321934.jpg
inat_252657887_452321867,gymnocalycium,Gymnocalycium mihanovichii,colored,data/raw/inaturalist/gymnocalycium/inat_252657887_452321867.jpg
inat_252656874_452319834,gymnocalycium,Gymnocalycium mihanovichii,variegated,data/raw/inaturalist/gymnocalycium/inat_252656874_452319834.jpg
inat_251977103_450973716,gymnocalycium,Gymnocalycium mihanovichii,colored,data/raw/inaturalist/gymnocalycium/inat_251977103_450973716.jpg
inat_251788084_450594438,gymnocalycium,Gymnocalycium mihanovichii,normal,data/raw/inaturalist/gymnocalycium/inat_251788084_450594438.jpg
inat_251521910_450063810,gymnocalycium,Gymnocalycium mihanovichii,colored,data/raw/inaturalist/gymnocalycium/inat_251521910_450063810.jpg
inat_250999570_449024280,gymnocalycium,Gymnocalycium mihanovichii,colored,data/raw/inaturalist/gymnocalycium/inat_250999570_449024280.jpg
inat_250080305_447173459,gymnocalycium,Gymnocalycium mihanovichii,colored,data/raw/inaturalist/gymnocalycium/inat_250080305_447173459.jpg
inat_249361004_445740551,gymnocalycium,Gymnocalycium mihanovichii,colored,data/raw/inaturalist/gymnocalycium/inat_249361004_445740551.jpg
inat_249205310_445427870,gymnocalycium,Gymnocalycium mihanovichii,colored,data/raw/inaturalist/gymnocalycium/inat_249205310_445427870.jpg
inat_248231257_443495281,gymnocalycium,Gymnocalycium mihanovichii,,data/raw/inaturalist/gymnocalycium/inat_248231257_443495281.jpg
inat_246488969_440051489,gymnocalycium,Gymnocalycium pflanzii,normal,data/raw/inaturalist/gymnocalycium/inat_246488969_440051489.jpg
inat_245725277_438537853,gymnocalycium,Gymnocalycium mihanovichii,normal,data/raw/inaturalist/gymnocalycium/inat_245725277_438537853.jpg
inat_245432683_437961117,gymnocalycium,Gymnocalycium mihanovichii,colored,data/raw/inaturalist/gymnocalycium/inat_245432683_437961117.jpg
inat_244526193_436184661,gymnocalycium,,,data/raw/inaturalist/gymnocalycium/inat_244526193_436184661.jpg
inat_244524863_436183561,gymnocalycium,Gymnocalycium monvillei,normal,data/raw/inaturalist/gymnocalycium/inat_244524863_436183561.jpg
inat_244044078_435261633,gymnocalycium,Gymnocalycium mihanovichii,,data/raw/inaturalist/gymnocalycium/inat_244044078_435261633.jpg
inat_244006729_435185777,gymnocalycium,Gymnocalycium mihanovichii,colored,data/raw/inaturalist/gymnocalycium/inat_244006729_435185777.jpg
inat_243840246_434859672,gymnocalycium,Gymnocalycium mihanovichii,colored,data/raw/inaturalist/gymnocalycium/inat_243840246_434859672.jpg
inat_242878587_433026730,gymnocalycium,Gymnocalycium monvillei,normal,data/raw/inaturalist/gymnocalycium/inat_242878587_433026730.jpg
inat_242866579_433004373,gymnocalycium,Gymnocalycium monvillei,normal,data/raw/inaturalist/gymnocalycium/inat_242866579_433004373.jpg
inat_242586052_432472414,gymnocalycium,Gymnocalycium mihanovichii,colored,data/raw/inaturalist/gymnocalycium/inat_242586052_432472414.jpg
inat_240626681_428699384,gymnocalycium,Gymnocalycium rhodantherum,normal,data/raw/inaturalist/gymnocalycium/inat_240626681_428699384.jpg
inat_240626680_428697666,gymnocalycium,Gymnocalycium bruchii,normal,data/raw/inaturalist/gymnocalycium/inat_240626680_428697666.jpg
inat_240626673_428698091,gymnocalycium,Gymnocalycium pugionacanthum,normal,data/raw/inaturalist/gymnocalycium/inat_240626673_428698091.jpg
inat_240626654_428660643,gymnocalycium,Gymnocalycium bodenbenderianum,normal,data/raw/inaturalist/gymnocalycium/inat_240626654_428660643.jpg
inat_240507949_428502091,gymnocalycium,Gymnocalycium monvillei,normal,data/raw/inaturalist/gymnocalycium/inat_240507949_428502091.jpg
inat_240505611_428495130,gymnocalycium,Gymnocalycium denudatum,normal,data/raw/inaturalist/gymnocalycium/inat_240505611_428495130.jpg
inat_240505603_428492585,gymnocalycium,Gymnocalycium amerhauseri,normal,data/raw/inaturalist/gymnocalycium/inat_240505603_428492585.jpg
inat_240505600_428492403,gymnocalycium,,normal,data/raw/inaturalist/gymnocalycium/inat_240505600_428492403.jpg
inat_240505595_428490025,gymnocalycium,Gymnocalycium mihanovichii,normal,data/raw/inaturalist/gymnocalycium/inat_240505595_428490025.jpg
inat_239443292_426451861,gymnocalycium,Gymnocalycium mihanovichii,colored,data/raw/inaturalist/gymnocalycium/inat_239443292_426451861.jpg
inat_239287026_426144820,gymnocalycium,Gymnocalycium baldianum,normal,data/raw/inaturalist/gymnocalycium/inat_239287026_426144820.jpg
inat_238045676_423739914,gymnocalycium,Gymnocalycium baldianum,normal,data/raw/inaturalist/gymnocalycium/inat_238045676_423739914.jpg
inat_237659466_422993122,gymnocalycium,Gymnocalycium mihanovichii,colored,data/raw/inaturalist/gymnocalycium/inat_237659466_422993122.jpg
inat_236232062_422910377,gymnocalycium,Gymnocalycium mihanovichii,colored,data/raw/inaturalist/gymnocalycium/inat_236232062_422910377.jpg
inat_235554216_418938220,gymnocalycium,,colored,data/raw/inaturalist/gymnocalycium/inat_235554216_418938220.jpg
inat_234677197_417215518,gymnocalycium,Gymnocalycium mihanovichii,colored,data/raw/inaturalist/gymnocalycium/inat_234677197_417215518.jpg
inat_233723940_415402917,gymnocalycium,Gymnocalycium mihanovichii,colored,data/raw/inaturalist/gymnocalycium/inat_233723940_415402917.jpg
inat_233509031_418936061,gymnocalycium,Gymnocalycium mihanovichii,colored,data/raw/inaturalist/gymnocalycium/inat_233509031_418936061.jpg
inat_233448279_414885359,gymnocalycium,Gymnocalycium mihanovichii,colored,data/raw/inaturalist/gymnocalycium/inat_233448279_414885359.jpg
inat_232817674_414313162,gymnocalycium,,normal,data/raw/inaturalist/gymnocalycium/inat_232817674_414313162.jpg
inat_230840083_409914784,gymnocalycium,Gymnocalycium mihanovichii,colored,data/raw/inaturalist/gymnocalycium/inat_230840083_409914784.jpg
inat_230422156_409141625,gymnocalycium,Gymnocalycium mihanovichii,colored,data/raw/inaturalist/gymnocalycium/inat_230422156_409141625.jpg
inat_229326818_407052720,gymnocalycium,Gymnocalycium mihanovichii,colored,data/raw/inaturalist/gymnocalycium/inat_229326818_407052720.jpg
inat_229118556_406666929,gymnocalycium,Gymnocalycium mihanovichii,colored,data/raw/inaturalist/gymnocalycium/inat_229118556_406666929.jpg
inat_228900634_406253635,gymnocalycium,Gymnocalycium mihanovichii,colored,data/raw/inaturalist/gymnocalycium/inat_228900634_406253635.jpg
inat_227662992_403904238,gymnocalycium,Gymnocalycium mihanovichii,colored,data/raw/inaturalist/gymnocalycium/inat_227662992_403904238.jpg
inat_227586307_403758439,gymnocalycium,Gymnocalycium baldianum,normal,data/raw/inaturalist/gymnocalycium/inat_227586307_403758439.jpg
inat_227173742_404359860,gymnocalycium,Gymnocalycium mihanovichii,colored,data/raw/inaturalist/gymnocalycium/inat_227173742_404359860.jpg
inat_226798484_402271949,gymnocalycium,Gymnocalycium ragonesei,normal,data/raw/inaturalist/gymnocalycium/inat_226798484_402271949.jpg
inat_225370765_399562596,gymnocalycium,,normal,data/raw/inaturalist/gymnocalycium/inat_225370765_399562596.jpg
inat_224873749_398616320,gymnocalycium,,normal,data/raw/inaturalist/gymnocalycium/inat_224873749_398616320.jpg
inat_224590658_398081154,gymnocalycium,Gymnocalycium saglionis,normal,data/raw/inaturalist/gymnocalycium/inat_224590658_398081154.jpg
inat_223940094_396844427,gymnocalycium,,,data/raw/inaturalist/gymnocalycium/inat_223940094_396844427.jpg
inat_223924352_396815825,gymnocalycium,,normal,data/raw/inaturalist/gymnocalycium/inat_223924352_396815825.jpg
inat_222340050_393838301,gymnocalycium,Gymnocalycium mihanovichii,colored,data/raw/inaturalist/gymnocalycium/inat_222340050_393838301.jpg
inat_221529568_392322158,gymnocalycium,Gymnocalycium bodenbenderianum,normal,data/raw/inaturalist/gymnocalycium/inat_221529568_392322158.jpg
inat_220832752_391023622,gymnocalycium,Gymnocalycium mihanovichii,normal,data/raw/inaturalist/gymnocalycium/inat_220832752_391023622.jpg
inat_220738060_390840395,gymnocalycium,,normal,data/raw/inaturalist/gymnocalycium/inat_220738060_390840395.jpg
inat_220628419_390645864,gymnocalycium,,normal,data/raw/inaturalist/gymnocalycium/inat_220628419_390645864.jpg
inat_220572229_390534107,gymnocalycium,Gymnocalycium uruguayense,normal,data/raw/inaturalist/gymnocalycium/inat_220572229_390534107.jpg
inat_220514193_390424052,gymnocalycium,Gymnocalycium mihanovichii,colored,data/raw/inaturalist/gymnocalycium/inat_220514193_390424052.jpg
inat_220201917_389842602,gymnocalycium,Gymnocalycium mihanovichii,colored,data/raw/inaturalist/gymnocalycium/inat_220201917_389842602.jpg
inat_219555173_388617496,gymnocalycium,Gymnocalycium mihanovichii,colored,data/raw/inaturalist/gymnocalycium/inat_219555173_388617496.jpg
inat_219194838_387950828,gymnocalycium,Gymnocalycium mihanovichii,colored,data/raw/inaturalist/gymnocalycium/inat_219194838_387950828.jpg
inat_218990310_387566925,gymnocalycium,Gymnocalycium glaucum,normal,data/raw/inaturalist/gymnocalycium/inat_218990310_387566925.jpg
inat_218881370_387368887,gymnocalycium,Gymnocalycium mihanovichii,,data/raw/inaturalist/gymnocalycium/inat_218881370_387368887.jpg
inat_218184793_386062115,gymnocalycium,,normal,data/raw/inaturalist/gymnocalycium/inat_218184793_386062115.jpg
inat_217840544_385426314,gymnocalycium,Gymnocalycium mihanovichii,colored,data/raw/inaturalist/gymnocalycium/inat_217840544_385426314.jpg
inat_217357785_384512468,gymnocalycium,Gymnocalycium mihanovichii,colored,data/raw/inaturalist/gymnocalycium/inat_217357785_384512468.jpg
inat_216830079_383439644,gymnocalycium,Gymnocalycium bodenbenderianum,normal,data/raw/inaturalist/gymnocalycium/inat_216830079_383439644.jpg
inat_216393376_382697491,gymnocalycium,Gymnocalycium mihanovichii,colored,data/raw/inaturalist/gymnocalycium/inat_216393376_382697491.jpg
inat_216324892_382570500,gymnocalycium,Gymnocalycium saglionis,normal,data/raw/inaturalist/gymnocalycium/inat_216324892_382570500.jpg
inat_216273620_382478512,gymnocalycium,,normal,data/raw/inaturalist/gymnocalycium/inat_216273620_382478512.jpg
inat_216195771_382325628,gymnocalycium,Gymnocalycium monvillei,normal,data/raw/inaturalist/gymnocalycium/inat_216195771_382325628.jpg
inat_216164558_382265932,gymnocalycium,,normal,data/raw/inaturalist/gymnocalycium/inat_216164558_382265932.jpg
inat_215995713_381946528,gymnocalycium,Gymnocalycium horstii,normal,data/raw/inaturalist/gymnocalycium/inat_215995713_381946528.jpg
inat_215995149_381945203,gymnocalycium,Gymnocalycium mostii,normal,data/raw/inaturalist/gymnocalycium/inat_215995149_381945203.jpg
inat_215994322_381943614,gymnocalycium,Gymnocalycium castellanosii,normal,data/raw/inaturalist/gymnocalycium/inat_215994322_381943614.jpg
inat_215758461_381488750,gymnocalycium,Gymnocalycium mihanovichii,variegated,data/raw/inaturalist/gymnocalycium/inat_215758461_381488750.jpg
inat_215601552_381201529,gymnocalycium,Gymnocalycium mihanovichii,colored,data/raw/inaturalist/gymnocalycium/inat_215601552_381201529.jpg
inat_214522297_379190832,gymnocalycium,Gymnocalycium mihanovichii,colored,data/raw/inaturalist/gymnocalycium/inat_214522297_379190832.jpg
inat_214385910_378936623,gymnocalycium,Gymnocalycium mihanovichii,normal,data/raw/inaturalist/gymnocalycium/inat_214385910_378936623.jpg
inat_213970521_378160330,gymnocalycium,Gymnocalycium mihanovichii,normal,data/raw/inaturalist/gymnocalycium/inat_213970521_378160330.jpg
inat_213590638_377482847,gymnocalycium,Gymnocalycium baldianum,normal,data/raw/inaturalist/gymnocalycium/inat_213590638_377482847.jpg
inat_213121208_376633688,gymnocalycium,Gymnocalycium mihanovichii,colored,data/raw/inaturalist/gymnocalycium/inat_213121208_376633688.jpg
