image_id,label,species,qc_status,notes,source_url,filepath
inat_23115939_35835758,astrophytum,Astrophytum asterias,blurry,model: mammillaria 0.42,https://www.inaturalist.org/observations/23115939,data/raw/inaturalist/astrophytum/inat_23115939_35835758.jpg
inat_158970649_274662839,astrophytum,Astrophytum myriostigma,multi_plant,model: parodia 0.49,https://www.inaturalist.org/observations/158970649,data/raw/inaturalist/astrophytum/inat_158970649_274662839.jpg
inat_62216213_99653893,astrophytum,Astrophytum ornatum,multi_plant,model: echinocactus 0.88,https://www.inaturalist.org/observations/62216213,data/raw/inaturalist/astrophytum/inat_62216213_99653893.jpg
inat_18995997_29128266,astrophytum,Astrophytum caput-medusae,not_potted,model: mammillaria 0.77,https://www.inaturalist.org/observations/18995997,data/raw/inaturalist/astrophytum/inat_18995997_29128266.jpg
inat_12338612_17765564,astrophytum,Astrophytum ornatum,ok,model: echinopsis 0.52,https://www.inaturalist.org/observations/12338612,data/raw/inaturalist/astrophytum/inat_12338612_17765564.jpg
inat_79742923_130637229,astrophytum,Astrophytum capricorne,ok,model: echinopsis 0.74,https://www.inaturalist.org/observations/79742923,data/raw/inaturalist/astrophytum/inat_79742923_130637229.jpg
inat_114542023_193376066,astrophytum,Astrophytum ornatum,not_potted,model: parodia 0.76,https://www.inaturalist.org/observations/114542023,data/raw/inaturalist/astrophytum/inat_114542023_193376066.jpg
inat_144231885_247506529,astrophytum,Astrophytum myriostigma,blurry,model: echinopsis 0.43,https://www.inaturalist.org/observations/144231885,data/raw/inaturalist/astrophytum/inat_144231885_247506529.jpg
inat_170145769_295063554,astrophytum,Astrophytum asterias,ok,model: echinopsis 0.65,https://www.inaturalist.org/observations/170145769,data/raw/inaturalist/astrophytum/inat_170145769_295063554.jpg
inat_150679331_259866062,astrophytum,Astrophytum asterias,not_plant,model: mammillaria 0.42,https://www.inaturalist.org/observations/150679331,data/raw/inaturalist/astrophytum/inat_150679331_259866062.jpg
inat_24571569_37997971,astrophytum,Astrophytum capricorne,ok,model: gymnocalycium 0.70,https://www.inaturalist.org/observations/24571569,data/raw/inaturalist/astrophytum/inat_24571569_37997971.jpg
inat_76676391_125410002,astrophytum,Astrophytum capricorne,not_potted,model: mammillaria 0.39,https://www.inaturalist.org/observations/76676391,data/raw/inaturalist/astrophytum/inat_76676391_125410002.jpg
inat_193966667_340828504,astrophytum,Astrophytum myriostigma,multi_plant,model: echinopsis 0.45,https://www.inaturalist.org/observations/193966667,data/raw/inaturalist/astrophytum/inat_193966667_340828504.jpg
inat_190908453_334779789,astrophytum,Astrophytum caput-medusae,blurry,model: opuntia 0.22,https://www.inaturalist.org/observations/190908453,data/raw/inaturalist/astrophytum/inat_190908453_334779789.jpg
inat_131296042_223414554,astrophytum,Astrophytum ornatum,not_potted,model: parodia 0.72,https://www.inaturalist.org/observations/131296042,data/raw/inaturalist/astrophytum/inat_131296042_223414554.jpg
inat_34648368_54552724,astrophytum,Astrophytum ornatum,not_potted,model: parodia 0.60,https://www.inaturalist.org/observations/34648368,data/raw/inaturalist/astrophytum/inat_34648368_54552724.jpg
inat_2858345_3261648,astrophytum,Astrophytum capricorne,ok,model: mammillaria 0.25,https://www.inaturalist.org/observations/2858345,data/raw/inaturalist/astrophytum/inat_2858345_3261648.jpg
inat_33735081_53014826,astrophytum,Astrophytum ornatum,not_plant,model: echinopsis 0.35,https://www.inaturalist.org/observations/33735081,data/raw/inaturalist/astrophytum/inat_33735081_53014826.jpg
inat_27193137_42285214,astrophytum,Astrophytum capricorne,not_potted,model: parodia 0.59,https://www.inaturalist.org/observations/27193137,data/raw/inaturalist/astrophytum/inat_27193137_42285214.jpg
inat_75357726_123273042,astrophytum,Astrophytum capricorne,ok,model: parodia 0.60,https://www.inaturalist.org/observations/75357726,data/raw/inaturalist/astrophytum/inat_75357726_123273042.jpg
inat_232281743_412653991,astrophytum,Astrophytum ornatum,not_plant,model: parodia 0.52,https://www.inaturalist.org/observations/232281743,data/raw/inaturalist/astrophytum/inat_232281743_412653991.jpg
inat_230417049_409130218,astrophytum,Astrophytum asterias,ok,model: echinopsis 0.35,https://www.inaturalist.org/observations/230417049,data/raw/inaturalist/astrophytum/inat_230417049_409130218.jpg
inat_112529173_190072006,astrophytum,Astrophytum ornatum,not_plant,model: parodia 0.42,https://www.inaturalist.org/observations/112529173,data/raw/inaturalist/astrophytum/inat_112529173_190072006.jpg
inat_193220006_339393563,astrophytum,Astrophytum myriostigma,ok,model: astrophytum 0.39,https://www.inaturalist.org/observations/193220006,data/raw/inaturalist/astrophytum/inat_193220006_339393563.jpg
inat_239694198_426936680,astrophytum,Astrophytum asterias,ok,model: astrophytum 0.41,https://www.inaturalist.org/observations/239694198,data/raw/inaturalist/astrophytum/inat_239694198_426936680.jpg
inat_179405197_312307728,astrophytum,Astrophytum ornatum,not_potted,model: astrophytum 0.42,https://www.inaturalist.org/observations/179405197,data/raw/inaturalist/astrophytum/inat_179405197_312307728.jpg
inat_113531659_191798566,astrophytum,Astrophytum ornatum,not_potted,model: astrophytum 0.43,https://www.inaturalist.org/observations/113531659,data/raw/inaturalist/astrophytum/inat_113531659_191798566.jpg
inat_202213099_357089365,astrophytum,Astrophytum myriostigma,ok,model: astrophytum 0.43,https://www.inaturalist.org/observations/202213099,data/raw/inaturalist/astrophytum/inat_202213099_357089365.jpg
inat_26884105_41770414,astrophytum,Astrophytum ornatum,ok,model: astrophytum 0.44,https://www.inaturalist.org/observations/26884105,data/raw/inaturalist/astrophytum/inat_26884105_41770414.jpg
inat_189302532_331575177,astrophytum,Astrophytum myriostigma,ok,model: astrophytum 0.45,https://www.inaturalist.org/observations/189302532,data/raw/inaturalist/astrophytum/inat_189302532_331575177.jpg
inat_39820023_63214255,astrophytum,Astrophytum ornatum,not_potted,model: astrophytum 0.46,https://www.inaturalist.org/observations/39820023,data/raw/inaturalist/astrophytum/inat_39820023_63214255.jpg
inat_166811970_288899503,astrophytum,Astrophytum myriostigma,not_plant,model: astrophytum 0.47,https://www.inaturalist.org/observations/166811970,data/raw/inaturalist/astrophytum/inat_166811970_288899503.jpg
inat_20069129_30988974,astrophytum,Astrophytum caput-medusae,ok,model: astrophytum 0.48,https://www.inaturalist.org/observations/20069129,data/raw/inaturalist/astrophytum/inat_20069129_30988974.jpg
inat_171609218_297804535,astrophytum,Astrophytum ornatum,ok,model: astrophytum 0.48,https://www.inaturalist.org/observations/171609218,data/raw/inaturalist/astrophytum/inat_171609218_297804535.jpg
inat_37279965_59070440,astrophytum,Astrophytum capricorne,not_potted,model: astrophytum 0.48,https://www.inaturalist.org/observations/37279965,data/raw/inaturalist/astrophytum/inat_37279965_59070440.jpg
inat_309606856_558703907,astrophytum,Astrophytum ornatum,not_plant,model: astrophytum 0.49,https://www.inaturalist.org/observations/309606856,data/raw/inaturalist/astrophytum/inat_309606856_558703907.jpg
inat_15845772_23691144,astrophytum,Astrophytum ornatum,not_potted,model: astrophytum 0.49,https://www.inaturalist.org/observations/15845772,data/raw/inaturalist/astrophytum/inat_15845772_23691144.jpg
inat_183660755_320450800,astrophytum,Astrophytum capricorne,not_potted,model: astrophytum 0.50,https://www.inaturalist.org/observations/183660755,data/raw/inaturalist/astrophytum/inat_183660755_320450800.jpg
inat_111459002_188157255,astrophytum,Astrophytum capricorne,not_potted,model: astrophytum 0.50,https://www.inaturalist.org/observations/111459002,data/raw/inaturalist/astrophytum/inat_111459002_188157255.jpg
inat_391811506_717969226,echinocactus,Kroenleinia grusonii,wrong_label,model: astrophytum 0.76 · ไม่ใช่ถังทอง — หนามแบน/บิดแบบ Astrophytum capricorne,https://www.inaturalist.org/observations/391811506,data/raw/inaturalist/echinocactus/inat_391811506_717969226.jpg
inat_390316572_715062193,echinocactus,Kroenleinia grusonii,not_potted,model: parodia 0.86,https://www.inaturalist.org/observations/390316572,data/raw/inaturalist/echinocactus/inat_390316572_715062193.jpg
inat_377384008_690108077,echinocactus,Kroenleinia grusonii,not_potted,model: parodia 0.73,https://www.inaturalist.org/observations/377384008,data/raw/inaturalist/echinocactus/inat_377384008_690108077.jpg
inat_397787840_729624932,echinocactus,Kroenleinia grusonii,ok,model: parodia 0.56,https://www.inaturalist.org/observations/397787840,data/raw/inaturalist/echinocactus/inat_397787840_729624932.jpg
inat_377378000_690094812,echinocactus,Kroenleinia grusonii,not_potted,model: parodia 0.61,https://www.inaturalist.org/observations/377378000,data/raw/inaturalist/echinocactus/inat_377378000_690094812.jpg
inat_376466608_688331279,echinocactus,Kroenleinia grusonii,blurry,model: parodia 0.38,https://www.inaturalist.org/observations/376466608,data/raw/inaturalist/echinocactus/inat_376466608_688331279.jpg
inat_388364193_711275036,echinocactus,Kroenleinia grusonii,not_potted,model: parodia 0.55,https://www.inaturalist.org/observations/388364193,data/raw/inaturalist/echinocactus/inat_388364193_711275036.jpg
inat_373590027_682766400,echinocactus,Kroenleinia grusonii,ok,model: echinopsis 0.51,https://www.inaturalist.org/observations/373590027,data/raw/inaturalist/echinocactus/inat_373590027_682766400.jpg
inat_379886445_694938411,echinocactus,Kroenleinia grusonii,ok,model: echinocactus 0.37,https://www.inaturalist.org/observations/379886445,data/raw/inaturalist/echinocactus/inat_379886445_694938411.jpg
inat_394203039_722651589,echinocactus,Kroenleinia grusonii,not_potted,model: echinocactus 0.45,https://www.inaturalist.org/observations/394203039,data/raw/inaturalist/echinocactus/inat_394203039_722651589.jpg
inat_399481503_732935870,echinocactus,Kroenleinia grusonii,ok,model: echinocactus 0.47,https://www.inaturalist.org/observations/399481503,data/raw/inaturalist/echinocactus/inat_399481503_732935870.jpg
inat_394522004_723273846,echinocactus,Kroenleinia grusonii,ok,model: echinocactus 0.48,https://www.inaturalist.org/observations/394522004,data/raw/inaturalist/echinocactus/inat_394522004_723273846.jpg
inat_209036584_369904298,echinopsis,Echinopsis oxygona,not_plant,model: parodia 0.71,https://www.inaturalist.org/observations/209036584,data/raw/inaturalist/echinopsis/inat_209036584_369904298.jpg
inat_285721576_513580156,echinopsis,Lobivia silvestrii,not_potted,model: gymnocalycium 0.46,https://www.inaturalist.org/observations/285721576,data/raw/inaturalist/echinopsis/inat_285721576_513580156.jpg
inat_211781577_374340530,echinopsis,Echinopsis bridgesii,not_potted,model: mammillaria 0.90,https://www.inaturalist.org/observations/211781577,data/raw/inaturalist/echinopsis/inat_211781577_374340530.jpg
inat_334609883_607690566,echinopsis,Lobivia silvestrii,ok,model: mammillaria 0.81,https://www.inaturalist.org/observations/334609883,data/raw/inaturalist/echinopsis/inat_334609883_607690566.jpg
inat_128302294_217921018,echinopsis,Echinopsis oxygona,ok,model: astrophytum 0.38,https://www.inaturalist.org/observations/128302294,data/raw/inaturalist/echinopsis/inat_128302294_217921018.jpg
inat_130095437_221188266,echinopsis,Echinopsis mamillosa,multi_plant,model: echinocactus 0.70,https://www.inaturalist.org/observations/130095437,data/raw/inaturalist/echinopsis/inat_130095437_221188266.jpg
inat_193420843_339776039,echinopsis,Echinopsis leucantha,ok,model: astrophytum 0.73,https://www.inaturalist.org/observations/193420843,data/raw/inaturalist/echinopsis/inat_193420843_339776039.jpg
inat_140800249_241069682,echinopsis,Echinopsis subdenudata,ok,model: gymnocalycium 0.73,https://www.inaturalist.org/observations/140800249,data/raw/inaturalist/echinopsis/inat_140800249_241069682.jpg
inat_313159700_565491998,echinopsis,Lobivia silvestrii,not_potted,model: opuntia 0.86,https://www.inaturalist.org/observations/313159700,data/raw/inaturalist/echinopsis/inat_313159700_565491998.jpg
inat_270962445_487360335,echinopsis,,ok,model: parodia 0.84,https://www.inaturalist.org/observations/270962445,data/raw/inaturalist/echinopsis/inat_270962445_487360335.jpg
inat_340456994_619564368,echinopsis,Lobivia silvestrii,ok,model: parodia 0.73,https://www.inaturalist.org/observations/340456994,data/raw/inaturalist/echinopsis/inat_340456994_619564368.jpg
inat_135318179_230779515,echinopsis,Echinopsis rhodotricha,ok,model: astrophytum 0.73,https://www.inaturalist.org/observations/135318179,data/raw/inaturalist/echinopsis/inat_135318179_230779515.jpg
inat_317358832_573451326,echinopsis,Lobivia silvestrii,ok,model: parodia 0.37,https://www.inaturalist.org/observations/317358832,data/raw/inaturalist/echinopsis/inat_317358832_573451326.jpg
inat_153397301_264936775,echinopsis,Echinopsis leucantha,ok,model: parodia 0.53,https://www.inaturalist.org/observations/153397301,data/raw/inaturalist/echinopsis/inat_153397301_264936775.jpg
inat_151931263_262223086,echinopsis,Echinopsis oxygona,not_potted,model: mammillaria 0.66,https://www.inaturalist.org/observations/151931263,data/raw/inaturalist/echinopsis/inat_151931263_262223086.jpg
inat_294764852_530591330,echinopsis,Echinopsis leucantha,not_potted,model: astrophytum 0.66,https://www.inaturalist.org/observations/294764852,data/raw/inaturalist/echinopsis/inat_294764852_530591330.jpg
inat_391636449_717642417,echinopsis,Lobivia silvestrii,ok,model: mammillaria 0.74,https://www.inaturalist.org/observations/391636449,data/raw/inaturalist/echinopsis/inat_391636449_717642417.jpg
inat_99455835_165795399,echinopsis,Echinopsis oxygona,not_potted,model: parodia 0.65,https://www.inaturalist.org/observations/99455835,data/raw/inaturalist/echinopsis/inat_99455835_165795399.jpg
inat_361779677_660271754,echinopsis,Lobivia silvestrii,ok,model: mammillaria 0.68,https://www.inaturalist.org/observations/361779677,data/raw/inaturalist/echinopsis/inat_361779677_660271754.jpg
inat_100583140_167898203,echinopsis,Echinopsis leucantha,not_potted,model: opuntia 0.42,https://www.inaturalist.org/observations/100583140,data/raw/inaturalist/echinopsis/inat_100583140_167898203.jpg
inat_159544847_275657414,echinopsis,Echinopsis bridgesii,not_potted,model: astrophytum 0.57,https://www.inaturalist.org/observations/159544847,data/raw/inaturalist/echinopsis/inat_159544847_275657414.jpg
inat_174146963_302482009,echinopsis,Echinopsis bridgesii,ok,model: gymnocalycium 0.47,https://www.inaturalist.org/observations/174146963,data/raw/inaturalist/echinopsis/inat_174146963_302482009.jpg
inat_355173773_647827191,echinopsis,Lobivia silvestrii,ok,model: mammillaria 0.51,https://www.inaturalist.org/observations/355173773,data/raw/inaturalist/echinopsis/inat_355173773_647827191.jpg
inat_372655928_680981031,echinopsis,Echinopsis oxygona,ok,model: parodia 0.64,https://www.inaturalist.org/observations/372655928,data/raw/inaturalist/echinopsis/inat_372655928_680981031.jpg
inat_156087304_269864245,echinopsis,Echinopsis oxygona,ok,model: gymnocalycium 0.44,https://www.inaturalist.org/observations/156087304,data/raw/inaturalist/echinopsis/inat_156087304_269864245.jpg
inat_377941129_691186742,echinopsis,Lobivia silvestrii,not_plant,model: astrophytum 0.32,https://www.inaturalist.org/observations/377941129,data/raw/inaturalist/echinopsis/inat_377941129_691186742.jpg
inat_366433078_669099819,echinopsis,Lobivia silvestrii,ok,model: opuntia 0.27,https://www.inaturalist.org/observations/366433078,data/raw/inaturalist/echinopsis/inat_366433078_669099819.jpg
inat_397663679_729391067,echinopsis,Lobivia silvestrii,blurry,model: mammillaria 0.60,https://www.inaturalist.org/observations/397663679,data/raw/inaturalist/echinopsis/inat_397663679_729391067.jpg
inat_111083542_187480917,echinopsis,Echinopsis leucantha,blurry,model: echinocactus 0.26,https://www.inaturalist.org/observations/111083542,data/raw/inaturalist/echinopsis/inat_111083542_187480917.jpg
inat_189634256_332255577,echinopsis,Echinopsis oxygona,not_potted,model: astrophytum 0.51,https://www.inaturalist.org/observations/189634256,data/raw/inaturalist/echinopsis/inat_189634256_332255577.jpg
inat_312989339_565165523,echinopsis,Lobivia silvestrii,ok,model: mammillaria 0.55,https://www.inaturalist.org/observations/312989339,data/raw/inaturalist/echinopsis/inat_312989339_565165523.jpg
inat_99386702_165664846,echinopsis,Echinopsis oxygona,not_potted,model: parodia 0.41,https://www.inaturalist.org/observations/99386702,data/raw/inaturalist/echinopsis/inat_99386702_165664846.jpg
inat_191446027_335855595,echinopsis,Echinopsis oxygona,blurry,model: echinopsis 0.27,https://www.inaturalist.org/observations/191446027,data/raw/inaturalist/echinopsis/inat_191446027_335855595.jpg
inat_187303577_327523916,echinopsis,Echinopsis calochlora,not_potted,model: mammillaria 0.57,https://www.inaturalist.org/observations/187303577,data/raw/inaturalist/echinopsis/inat_187303577_327523916.jpg
inat_358754931_654490355,echinopsis,,blurry,model: mammillaria 0.48,https://www.inaturalist.org/observations/358754931,data/raw/inaturalist/echinopsis/inat_358754931_654490355.jpg
inat_269742702_485038853,echinopsis,,blurry,model: mammillaria 0.32,https://www.inaturalist.org/observations/269742702,data/raw/inaturalist/echinopsis/inat_269742702_485038853.jpg
inat_73173960_119433462,echinopsis,Echinopsis leucantha,not_potted,model: astrophytum 0.48,https://www.inaturalist.org/observations/73173960,data/raw/inaturalist/echinopsis/inat_73173960_119433462.jpg
inat_260165846_467164834,echinopsis,,not_potted,model: gymnocalycium 0.33,https://www.inaturalist.org/observations/260165846,data/raw/inaturalist/echinopsis/inat_260165846_467164834.jpg
inat_323258306_584890365,echinopsis,Lobivia silvestrii,ok,model: echinopsis 0.37,https://www.inaturalist.org/observations/323258306,data/raw/inaturalist/echinopsis/inat_323258306_584890365.jpg
inat_313765725_566650148,echinopsis,,ok,model: echinopsis 0.37,https://www.inaturalist.org/observations/313765725,data/raw/inaturalist/echinopsis/inat_313765725_566650148.jpg
inat_113885787_192361478,echinopsis,Echinopsis oxygona,not_potted,model: echinopsis 0.40,https://www.inaturalist.org/observations/113885787,data/raw/inaturalist/echinopsis/inat_113885787_192361478.jpg
inat_202935708_358479293,echinopsis,Echinopsis oxygona,not_potted,model: echinopsis 0.41,https://www.inaturalist.org/observations/202935708,data/raw/inaturalist/echinopsis/inat_202935708_358479293.jpg
inat_261015228_468847087,echinopsis,Echinopsis oxygona,ok,model: echinopsis 0.41,https://www.inaturalist.org/observations/261015228,data/raw/inaturalist/echinopsis/inat_261015228_468847087.jpg
inat_398850218_731709345,echinopsis,Lobivia silvestrii,ok,model: echinopsis 0.42,https://www.inaturalist.org/observations/398850218,data/raw/inaturalist/echinopsis/inat_398850218_731709345.jpg
inat_357747938_652535753,echinopsis,Lobivia silvestrii,ok,model: echinopsis 0.43,https://www.inaturalist.org/observations/357747938,data/raw/inaturalist/echinopsis/inat_357747938_652535753.jpg
inat_119122658_201337231,echinopsis,Echinopsis rauschii,not_potted,model: echinopsis 0.43,https://www.inaturalist.org/observations/119122658,data/raw/inaturalist/echinopsis/inat_119122658_201337231.jpg
inat_319681012_577898778,echinopsis,Lobivia silvestrii,ok,model: echinopsis 0.44,https://www.inaturalist.org/observations/319681012,data/raw/inaturalist/echinopsis/inat_319681012_577898778.jpg
inat_114222375_192905738,echinopsis,Echinopsis oxygona,multi_plant,model: echinopsis 0.44,https://www.inaturalist.org/observations/114222375,data/raw/inaturalist/echinopsis/inat_114222375_192905738.jpg
inat_339371994_617352971,echinopsis,Lobivia silvestrii,ok,model: echinopsis 0.44,https://www.inaturalist.org/observations/339371994,data/raw/inaturalist/echinopsis/inat_339371994_617352971.jpg
inat_97620333_162382180,echinopsis,Echinopsis oxygona,not_potted,model: echinopsis 0.46,https://www.inaturalist.org/observations/97620333,data/raw/inaturalist/echinopsis/inat_97620333_162382180.jpg
inat_195094988_343125532,echinopsis,Echinopsis subdenudata,ok,model: echinopsis 0.47,https://www.inaturalist.org/observations/195094988,data/raw/inaturalist/echinopsis/inat_195094988_343125532.jpg
inat_379244233_693691050,echinopsis,Lobivia silvestrii,ok,model: echinopsis 0.47,https://www.inaturalist.org/observations/379244233,data/raw/inaturalist/echinopsis/inat_379244233_693691050.jpg
inat_345596060_629844895,echinopsis,Lobivia silvestrii,not_potted,model: echinopsis 0.48,https://www.inaturalist.org/observations/345596060,data/raw/inaturalist/echinopsis/inat_345596060_629844895.jpg
inat_139314659_238259164,echinopsis,Echinopsis rhodotricha,not_plant,model: echinopsis 0.48,https://www.inaturalist.org/observations/139314659,data/raw/inaturalist/echinopsis/inat_139314659_238259164.jpg
inat_221218775_391750899,echinopsis,Echinopsis oxygona,ok,model: echinopsis 0.49,https://www.inaturalist.org/observations/221218775,data/raw/inaturalist/echinopsis/inat_221218775_391750899.jpg
inat_288751323_519303912,gymnocalycium,Gymnocalycium baldianum,not_plant,model: echinopsis 0.88,https://www.inaturalist.org/observations/288751323,data/raw/inaturalist/gymnocalycium/inat_288751323_519303912.jpg
inat_339276392_617152474,gymnocalycium,Gymnocalycium bruchii,ok,model: mammillaria 0.58,https://www.inaturalist.org/observations/339276392,data/raw/inaturalist/gymnocalycium/inat_339276392_617152474.jpg
inat_325192881_588736675,gymnocalycium,,ok,model: mammillaria 0.71,https://www.inaturalist.org/observations/325192881,data/raw/inaturalist/gymnocalycium/inat_325192881_588736675.jpg
inat_248231257_443495281,gymnocalycium,Gymnocalycium mihanovichii,ok,model: astrophytum 0.65,https://www.inaturalist.org/observations/248231257,data/raw/inaturalist/gymnocalycium/inat_248231257_443495281.jpg
inat_213970521_378160330,gymnocalycium,Gymnocalycium mihanovichii,not_potted,model: echinopsis 0.46,https://www.inaturalist.org/observations/213970521,data/raw/inaturalist/gymnocalycium/inat_213970521_378160330.jpg
inat_284785253_511847511,gymnocalycium,Gymnocalycium baldianum,not_plant,model: echinopsis 0.55,https://www.inaturalist.org/observations/284785253,data/raw/inaturalist/gymnocalycium/inat_284785253_511847511.jpg
inat_392944272_720180218,gymnocalycium,,ok,model: parodia 0.26,https://www.inaturalist.org/observations/392944272,data/raw/inaturalist/gymnocalycium/inat_392944272_720180218.jpg
inat_303627946_547278418,gymnocalycium,,ok,model: mammillaria 0.58,https://www.inaturalist.org/observations/303627946,data/raw/inaturalist/gymnocalycium/inat_303627946_547278418.jpg
inat_292335358_526067374,gymnocalycium,Gymnocalycium mihanovichii,not_plant,model: echinopsis 0.54,https://www.inaturalist.org/observations/292335358,data/raw/inaturalist/gymnocalycium/inat_292335358_526067374.jpg
inat_274073692_492783240,gymnocalycium,Gymnocalycium mihanovichii,ok,model: echinopsis 0.35,https://www.inaturalist.org/observations/274073692,data/raw/inaturalist/gymnocalycium/inat_274073692_492783240.jpg
inat_399179728_732345178,gymnocalycium,Gymnocalycium cabreraense,ok,model: astrophytum 0.67,https://www.inaturalist.org/observations/399179728,data/raw/inaturalist/gymnocalycium/inat_399179728_732345178.jpg
inat_339276396_617152495,gymnocalycium,Gymnocalycium bruchii,ok,model: mammillaria 0.42,https://www.inaturalist.org/observations/339276396,data/raw/inaturalist/gymnocalycium/inat_339276396_617152495.jpg
inat_329091606_596469798,gymnocalycium,Gymnocalycium mihanovichii,ok,model: astrophytum 0.58,https://www.inaturalist.org/observations/329091606,data/raw/inaturalist/gymnocalycium/inat_329091606_596469798.jpg
inat_316662579_572153145,gymnocalycium,Gymnocalycium mihanovichii,ok,model: mammillaria 0.59,https://www.inaturalist.org/observations/316662579,data/raw/inaturalist/gymnocalycium/inat_316662579_572153145.jpg
inat_283493091_509400365,gymnocalycium,Gymnocalycium marsoneri,ok,model: mammillaria 0.39,https://www.inaturalist.org/observations/283493091,data/raw/inaturalist/gymnocalycium/inat_283493091_509400365.jpg
inat_244044078_435261633,gymnocalycium,Gymnocalycium mihanovichii,not_plant,model: astrophytum 0.41,https://www.inaturalist.org/observations/244044078,data/raw/inaturalist/gymnocalycium/inat_244044078_435261633.jpg
inat_300614330_541662176,gymnocalycium,Gymnocalycium horstii,not_potted,model: astrophytum 0.48,https://www.inaturalist.org/observations/300614330,data/raw/inaturalist/gymnocalycium/inat_300614330_541662176.jpg
inat_284606429_511502175,gymnocalycium,Gymnocalycium saglionis,not_potted,model: echinopsis 0.53,https://www.inaturalist.org/observations/284606429,data/raw/inaturalist/gymnocalycium/inat_284606429_511502175.jpg
inat_288487921_518809435,gymnocalycium,Gymnocalycium spegazzinii,not_potted,model: astrophytum 0.40,https://www.inaturalist.org/observations/288487921,data/raw/inaturalist/gymnocalycium/inat_288487921_518809435.jpg
inat_343218749_625158121,gymnocalycium,Gymnocalycium mihanovichii,ok,model: gymnocalycium 0.37,https://www.inaturalist.org/observations/343218749,data/raw/inaturalist/gymnocalycium/inat_343218749_625158121.jpg
inat_244526193_436184661,gymnocalycium,,not_plant,model: gymnocalycium 0.38,https://www.inaturalist.org/observations/244526193,data/raw/inaturalist/gymnocalycium/inat_244526193_436184661.jpg
inat_253661365_454236667,gymnocalycium,Gymnocalycium mihanovichii,ok,model: gymnocalycium 0.38,https://www.inaturalist.org/observations/253661365,data/raw/inaturalist/gymnocalycium/inat_253661365_454236667.jpg
inat_240626680_428697666,gymnocalycium,Gymnocalycium bruchii,ok,model: gymnocalycium 0.38,https://www.inaturalist.org/observations/240626680,data/raw/inaturalist/gymnocalycium/inat_240626680_428697666.jpg
inat_256872940_460660972,gymnocalycium,Gymnocalycium mihanovichii,ok,model: astrophytum 0.49,https://www.inaturalist.org/observations/256872940,data/raw/inaturalist/gymnocalycium/inat_256872940_460660972.jpg
inat_277165547_497690366,gymnocalycium,,ok,model: echinopsis 0.51,https://www.inaturalist.org/observations/277165547,data/raw/inaturalist/gymnocalycium/inat_277165547_497690366.jpg
inat_341313475_621312990,gymnocalycium,Gymnocalycium mihanovichii,multi_plant,model: echinopsis 0.46,https://www.inaturalist.org/observations/341313475,data/raw/inaturalist/gymnocalycium/inat_341313475_621312990.jpg
inat_356121195_649424306,gymnocalycium,,not_potted,model: gymnocalycium 0.46,https://www.inaturalist.org/observations/356121195,data/raw/inaturalist/gymnocalycium/inat_356121195_649424306.jpg
inat_399179731_732345694,gymnocalycium,Gymnocalycium cabreraense,ok,model: gymnocalycium 0.46,https://www.inaturalist.org/observations/399179731,data/raw/inaturalist/gymnocalycium/inat_399179731_732345694.jpg
inat_335209172_608911001,gymnocalycium,Gymnocalycium andreae,not_potted,model: gymnocalycium 0.47,https://www.inaturalist.org/observations/335209172,data/raw/inaturalist/gymnocalycium/inat_335209172_608911001.jpg
inat_223940094_396844427,gymnocalycium,,ok,model: gymnocalycium 0.48,https://www.inaturalist.org/observations/223940094,data/raw/inaturalist/gymnocalycium/inat_223940094_396844427.jpg
inat_377870229_691045259,gymnocalycium,Gymnocalycium mihanovichii,ok,model: gymnocalycium 0.49,https://www.inaturalist.org/observations/377870229,data/raw/inaturalist/gymnocalycium/inat_377870229_691045259.jpg
inat_271154466_487725213,mammillaria,Mammillaria elongata,ok,model: echinopsis 0.80,https://www.inaturalist.org/observations/271154466,data/raw/inaturalist/mammillaria/inat_271154466_487725213.jpg
inat_303430604_546904119,mammillaria,Mammillaria vetula,ok,model: echinopsis 0.49,https://www.inaturalist.org/observations/303430604,data/raw/inaturalist/mammillaria/inat_303430604_546904119.jpg
inat_211962968_374626592,mammillaria,Mammillaria vetula,ok,model: echinopsis 0.84,https://www.inaturalist.org/observations/211962968,data/raw/inaturalist/mammillaria/inat_211962968_374626592.jpg
inat_268065715_481806347,mammillaria,Mammillaria vetula,ok,model: echinopsis 0.81,https://www.inaturalist.org/observations/268065715,data/raw/inaturalist/mammillaria/inat_268065715_481806347.jpg
inat_357661394_665752708,mammillaria,Mammillaria geminispina,not_potted,model: parodia 0.34,https://www.inaturalist.org/observations/357661394,data/raw/inaturalist/mammillaria/inat_357661394_665752708.jpg
inat_192759852_338461565,mammillaria,Mammillaria vetula,ok,model: opuntia 0.62,https://www.inaturalist.org/observations/192759852,data/raw/inaturalist/mammillaria/inat_192759852_338461565.jpg
inat_253079812_453089338,mammillaria,Mammillaria elongata,ok,model: opuntia 0.53,https://www.inaturalist.org/observations/253079812,data/raw/inaturalist/mammillaria/inat_253079812_453089338.jpg
inat_101947556_170324761,mammillaria,Mammillaria prolifera,ok,model: echinopsis 0.77,https://www.inaturalist.org/observations/101947556,data/raw/inaturalist/mammillaria/inat_101947556_170324761.jpg
inat_276369526_496329600,mammillaria,Mammillaria vetula,ok,model: astrophytum 0.63,https://www.inaturalist.org/observations/276369526,data/raw/inaturalist/mammillaria/inat_276369526_496329600.jpg
inat_330659723_599648194,mammillaria,Mammillaria voburnensis,ok,model: gymnocalycium 0.59,https://www.inaturalist.org/observations/330659723,data/raw/inaturalist/mammillaria/inat_330659723_599648194.jpg
inat_357152000_651373718,mammillaria,,not_potted,model: echinopsis 0.49,https://www.inaturalist.org/observations/357152000,data/raw/inaturalist/mammillaria/inat_357152000_651373718.jpg
inat_350962487_640509841,mammillaria,Mammillaria geminata,not_potted,model: parodia 0.45,https://www.inaturalist.org/observations/350962487,data/raw/inaturalist/mammillaria/inat_350962487_640509841.jpg
inat_379060198_693341410,mammillaria,,ok,model: parodia 0.53,https://www.inaturalist.org/observations/379060198,data/raw/inaturalist/mammillaria/inat_379060198_693341410.jpg
inat_330560892_599450820,mammillaria,Mammillaria longimamma,not_plant,model: parodia 0.38,https://www.inaturalist.org/observations/330560892,data/raw/inaturalist/mammillaria/inat_330560892_599450820.jpg
inat_292444025_526269273,mammillaria,Mammillaria elongata,ok,model: echinocactus 0.43,https://www.inaturalist.org/observations/292444025,data/raw/inaturalist/mammillaria/inat_292444025_526269273.jpg
inat_277945746_499076258,mammillaria,Mammillaria elongata,ok,model: echinopsis 0.66,https://www.inaturalist.org/observations/277945746,data/raw/inaturalist/mammillaria/inat_277945746_499076258.jpg
inat_319608069_577756369,mammillaria,Mammillaria bombycina,ok,model: parodia 0.51,https://www.inaturalist.org/observations/319608069,data/raw/inaturalist/mammillaria/inat_319608069_577756369.jpg
inat_353945360_645746535,mammillaria,,ok,model: echinopsis 0.49,https://www.inaturalist.org/observations/353945360,data/raw/inaturalist/mammillaria/inat_353945360_645746535.jpg
inat_326504579_591347615,mammillaria,Mammillaria magnifica,ok,model: parodia 0.66,https://www.inaturalist.org/observations/326504579,data/raw/inaturalist/mammillaria/inat_326504579_591347615.jpg
inat_196955072_346764865,mammillaria,Mammillaria vetula,ok,model: echinopsis 0.34,https://www.inaturalist.org/observations/196955072,data/raw/inaturalist/mammillaria/inat_196955072_346764865.jpg
inat_196600641_346081209,mammillaria,Mammillaria vetula,ok,model: gymnocalycium 0.46,https://www.inaturalist.org/observations/196600641,data/raw/inaturalist/mammillaria/inat_196600641_346081209.jpg
inat_184157690_321379742,mammillaria,Mammillaria vetula,multi_plant,model: gymnocalycium 0.57,https://www.inaturalist.org/observations/184157690,data/raw/inaturalist/mammillaria/inat_184157690_321379742.jpg
inat_334913103_608306610,mammillaria,,ok,model: mammillaria 0.39,https://www.inaturalist.org/observations/334913103,data/raw/inaturalist/mammillaria/inat_334913103_608306610.jpg
inat_362153189_660970450,mammillaria,Mammillaria compressa,not_potted,model: echinopsis 0.49,https://www.inaturalist.org/observations/362153189,data/raw/inaturalist/mammillaria/inat_362153189_660970450.jpg
inat_324545178_587435650,mammillaria,Mammillaria compressa,not_potted,model: echinopsis 0.47,https://www.inaturalist.org/observations/324545178,data/raw/inaturalist/mammillaria/inat_324545178_587435650.jpg
inat_256887326_464357714,mammillaria,Mammillaria vetula,ok,model: mammillaria 0.43,https://www.inaturalist.org/observations/256887326,data/raw/inaturalist/mammillaria/inat_256887326_464357714.jpg
inat_343599855_625934444,mammillaria,Mammillaria marksiana,ok,model: mammillaria 0.45,https://www.inaturalist.org/observations/343599855,data/raw/inaturalist/mammillaria/inat_343599855_625934444.jpg
inat_289106397_519961051,mammillaria,Mammillaria vetula,ok,model: mammillaria 0.46,https://www.inaturalist.org/observations/289106397,data/raw/inaturalist/mammillaria/inat_289106397_519961051.jpg
inat_184778303_322590703,mammillaria,Mammillaria prolifera,not_plant,model: mammillaria 0.47,https://www.inaturalist.org/observations/184778303,data/raw/inaturalist/mammillaria/inat_184778303_322590703.jpg
inat_391505974_717383832,mammillaria,,not_potted,model: mammillaria 0.47,https://www.inaturalist.org/observations/391505974,data/raw/inaturalist/mammillaria/inat_391505974_717383832.jpg
inat_316416120_571679940,mammillaria,Mammillaria vetula,not_potted,model: mammillaria 0.48,https://www.inaturalist.org/observations/316416120,data/raw/inaturalist/mammillaria/inat_316416120_571679940.jpg
inat_296482099_533855737,mammillaria,Mammillaria elongata,blurry,model: mammillaria 0.48,https://www.inaturalist.org/observations/296482099,data/raw/inaturalist/mammillaria/inat_296482099_533855737.jpg
inat_285719221_513574861,mammillaria,Mammillaria vetula,ok,model: mammillaria 0.50,https://www.inaturalist.org/observations/285719221,data/raw/inaturalist/mammillaria/inat_285719221_513574861.jpg
inat_276868914_497154149,opuntia,Opuntia microdasys,ok,model: mammillaria 0.67,https://www.inaturalist.org/observations/276868914,data/raw/inaturalist/opuntia/inat_276868914_497154149.jpg
inat_370002328_675906864,opuntia,Opuntia microdasys,ok,model: echinopsis 0.48,https://www.inaturalist.org/observations/370002328,data/raw/inaturalist/opuntia/inat_370002328_675906864.jpg
inat_276868918_497154395,opuntia,Opuntia microdasys,ok,model: mammillaria 0.77,https://www.inaturalist.org/observations/276868918,data/raw/inaturalist/opuntia/inat_276868918_497154395.jpg
inat_358754011_654488589,opuntia,Opuntia microdasys,ok,model: mammillaria 0.41,https://www.inaturalist.org/observations/358754011,data/raw/inaturalist/opuntia/inat_358754011_654488589.jpg
inat_289153121_520048201,opuntia,Opuntia microdasys,ok,model: echinopsis 0.39,https://www.inaturalist.org/observations/289153121,data/raw/inaturalist/opuntia/inat_289153121_520048201.jpg
inat_316444011_579148783,opuntia,Opuntia microdasys,ok,model: mammillaria 0.52,https://www.inaturalist.org/observations/316444011,data/raw/inaturalist/opuntia/inat_316444011_579148783.jpg
inat_330568619_599466767,opuntia,Opuntia microdasys,not_potted,model: opuntia 0.39,https://www.inaturalist.org/observations/330568619,data/raw/inaturalist/opuntia/inat_330568619_599466767.jpg
inat_388044384_710645239,opuntia,Opuntia microdasys,ok,model: mammillaria 0.46,https://www.inaturalist.org/observations/388044384,data/raw/inaturalist/opuntia/inat_388044384_710645239.jpg
inat_351929421_642294727,opuntia,Opuntia microdasys,ok,model: opuntia 0.44,https://www.inaturalist.org/observations/351929421,data/raw/inaturalist/opuntia/inat_351929421_642294727.jpg
inat_346673340_631968345,opuntia,Opuntia microdasys,ok,model: opuntia 0.48,https://www.inaturalist.org/observations/346673340,data/raw/inaturalist/opuntia/inat_346673340_631968345.jpg
inat_362838333_662269944,opuntia,Opuntia microdasys,wrong_label,model: opuntia 0.50 · Austrocylindropuntia subulata ไม่ใช่ O. microdasys,https://www.inaturalist.org/observations/362838333,data/raw/inaturalist/opuntia/inat_362838333_662269944.jpg
inat_224020431_396990134,parodia,Parodia lenninghausii,not_potted,model: echinocactus 0.88,https://www.inaturalist.org/observations/224020431,data/raw/inaturalist/parodia/inat_224020431_396990134.jpg
inat_193558756_340029680,parodia,Parodia lenninghausii,multi_plant,model: astrophytum 0.63,https://www.inaturalist.org/observations/193558756,data/raw/inaturalist/parodia/inat_193558756_340029680.jpg
inat_193493317_339911561,parodia,Parodia ottonis,not_plant,model: mammillaria 0.46,https://www.inaturalist.org/observations/193493317,data/raw/inaturalist/parodia/inat_193493317_339911561.jpg
inat_71122231_115743502,parodia,Parodia mammulosa,ok,model: gymnocalycium 0.73,https://www.inaturalist.org/observations/71122231,data/raw/inaturalist/parodia/inat_71122231_115743502.jpg
inat_90874661_150234974,parodia,Parodia ottonis,ok,model: echinopsis 0.81,https://www.inaturalist.org/observations/90874661,data/raw/inaturalist/parodia/inat_90874661_150234974.jpg
inat_157951379_273043631,parodia,Parodia schumanniana,not_plant,model: astrophytum 0.58,https://www.inaturalist.org/observations/157951379,data/raw/inaturalist/parodia/inat_157951379_273043631.jpg
inat_34236337_53856828,parodia,Parodia microsperma,ok,model: mammillaria 0.85,https://www.inaturalist.org/observations/34236337,data/raw/inaturalist/parodia/inat_34236337_53856828.jpg
inat_150902806_260290311,parodia,Parodia erinaceus,ok,model: echinopsis 0.84,https://www.inaturalist.org/observations/150902806,data/raw/inaturalist/parodia/inat_150902806_260290311.jpg
inat_73173274_119432208,parodia,Parodia microsperma,not_plant,model: mammillaria 0.49,https://www.inaturalist.org/observations/73173274,data/raw/inaturalist/parodia/inat_73173274_119432208.jpg
inat_215993514_381942223,parodia,Parodia mammulosa,not_potted,model: mammillaria 0.88,https://www.inaturalist.org/observations/215993514,data/raw/inaturalist/parodia/inat_215993514_381942223.jpg
inat_48942491_77678353,parodia,Parodia scopa,ok,model: mammillaria 0.82,https://www.inaturalist.org/observations/48942491,data/raw/inaturalist/parodia/inat_48942491_77678353.jpg
inat_73173176_119432017,parodia,Parodia haselbergii,not_potted,model: mammillaria 0.85,https://www.inaturalist.org/observations/73173176,data/raw/inaturalist/parodia/inat_73173176_119432017.jpg
inat_95293946_158181441,parodia,Parodia erubescens,ok,model: echinocactus 0.75,https://www.inaturalist.org/observations/95293946,data/raw/inaturalist/parodia/inat_95293946_158181441.jpg
inat_20352858_31428099,parodia,Parodia formosa,ok,model: mammillaria 0.79,https://www.inaturalist.org/observations/20352858,data/raw/inaturalist/parodia/inat_20352858_31428099.jpg
inat_151939956_262236790,parodia,Parodia chrysacanthion,ok,model: mammillaria 0.61,https://www.inaturalist.org/observations/151939956,data/raw/inaturalist/parodia/inat_151939956_262236790.jpg
inat_100094090_167011438,parodia,Parodia magnifica,not_potted,model: echinopsis 0.34,https://www.inaturalist.org/observations/100094090,data/raw/inaturalist/parodia/inat_100094090_167011438.jpg
inat_33098484_51955891,parodia,Parodia magnifica,multi_plant,model: opuntia 0.61,https://www.inaturalist.org/observations/33098484,data/raw/inaturalist/parodia/inat_33098484_51955891.jpg
inat_124092263_210297933,parodia,Parodia formosa,not_plant,model: echinopsis 0.41,https://www.inaturalist.org/observations/124092263,data/raw/inaturalist/parodia/inat_124092263_210297933.jpg
inat_68379950_110707731,parodia,Parodia erinaceus,not_potted,model: astrophytum 0.43,https://www.inaturalist.org/observations/68379950,data/raw/inaturalist/parodia/inat_68379950_110707731.jpg
inat_191875924_336717932,parodia,Parodia magnifica,not_potted,model: echinopsis 0.74,https://www.inaturalist.org/observations/191875924,data/raw/inaturalist/parodia/inat_191875924_336717932.jpg
inat_34568531_54417739,parodia,Parodia comarapana,not_potted,model: echinopsis 0.25,https://www.inaturalist.org/observations/34568531,data/raw/inaturalist/parodia/inat_34568531_54417739.jpg
inat_199771739_352535316,parodia,Parodia magnifica,not_potted,model: astrophytum 0.30,https://www.inaturalist.org/observations/199771739,data/raw/inaturalist/parodia/inat_199771739_352535316.jpg
inat_92680516_153493145,parodia,Parodia penicillata,not_potted,model: echinopsis 0.50,https://www.inaturalist.org/observations/92680516,data/raw/inaturalist/parodia/inat_92680516_153493145.jpg
inat_108146041_182026068,parodia,Parodia procera,not_potted,model: mammillaria 0.71,https://www.inaturalist.org/observations/108146041,data/raw/inaturalist/parodia/inat_108146041_182026068.jpg
inat_157594626_272461895,parodia,Parodia schwebsiana,not_potted,model: echinocactus 0.63,https://www.inaturalist.org/observations/157594626,data/raw/inaturalist/parodia/inat_157594626_272461895.jpg
inat_109819763_185161302,parodia,Parodia microsperma,not_potted,model: echinopsis 0.47,https://www.inaturalist.org/observations/109819763,data/raw/inaturalist/parodia/inat_109819763_185161302.jpg
inat_216025042_382004499,parodia,Parodia magnifica,not_plant,model: astrophytum 0.60,https://www.inaturalist.org/observations/216025042,data/raw/inaturalist/parodia/inat_216025042_382004499.jpg
inat_149795752_258176746,parodia,Parodia haselbergii,ok,model: mammillaria 0.48,https://www.inaturalist.org/observations/149795752,data/raw/inaturalist/parodia/inat_149795752_258176746.jpg
inat_170881256_296450178,parodia,Parodia crassigibba,ok,model: gymnocalycium 0.31,https://www.inaturalist.org/observations/170881256,data/raw/inaturalist/parodia/inat_170881256_296450178.jpg
inat_135264269_230676774,parodia,Parodia haselbergii,ok,model: mammillaria 0.35,https://www.inaturalist.org/observations/135264269,data/raw/inaturalist/parodia/inat_135264269_230676774.jpg
inat_78110105_127789004,parodia,Parodia mammulosa,ok,model: parodia 0.28,https://www.inaturalist.org/observations/78110105,data/raw/inaturalist/parodia/inat_78110105_127789004.jpg
inat_32433173_50868032,parodia,Parodia magnifica,ok,model: astrophytum 0.58,https://www.inaturalist.org/observations/32433173,data/raw/inaturalist/parodia/inat_32433173_50868032.jpg
inat_73173333_119432382,parodia,Parodia occulta,ok,model: mammillaria 0.35,https://www.inaturalist.org/observations/73173333,data/raw/inaturalist/parodia/inat_73173333_119432382.jpg
inat_177734077_309159505,parodia,Parodia scopa,ok,model: mammillaria 0.35,https://www.inaturalist.org/observations/177734077,data/raw/inaturalist/parodia/inat_177734077_309159505.jpg
inat_175649453_305275260,parodia,Parodia erinaceus,ok,model: parodia 0.32,https://www.inaturalist.org/observations/175649453,data/raw/inaturalist/parodia/inat_175649453_305275260.jpg
inat_142201141_243758506,parodia,Parodia maassii,ok,model: echinocactus 0.51,https://www.inaturalist.org/observations/142201141,data/raw/inaturalist/parodia/inat_142201141_243758506.jpg
inat_170881577_296450857,parodia,Parodia crassigibba,ok,model: parodia 0.34,https://www.inaturalist.org/observations/170881577,data/raw/inaturalist/parodia/inat_170881577_296450857.jpg
inat_175374289_304773839,parodia,Parodia magnifica,multi_plant,model: parodia 0.37,https://www.inaturalist.org/observations/175374289,data/raw/inaturalist/parodia/inat_175374289_304773839.jpg
inat_183204035_319586603,parodia,Parodia lenninghausii,not_plant,model: parodia 0.38,https://www.inaturalist.org/observations/183204035,data/raw/inaturalist/parodia/inat_183204035_319586603.jpg
inat_178698071_310992391,parodia,Parodia erinaceus,ok,model: parodia 0.38,https://www.inaturalist.org/observations/178698071,data/raw/inaturalist/parodia/inat_178698071_310992391.jpg
inat_317837536_574368701,parodia,Parodia columnaris,not_potted,model: parodia 0.41,https://www.inaturalist.org/observations/317837536,data/raw/inaturalist/parodia/inat_317837536_574368701.jpg
inat_281870867_506370358,parodia,Parodia concinna,not_potted,model: parodia 0.43,https://www.inaturalist.org/observations/281870867,data/raw/inaturalist/parodia/inat_281870867_506370358.jpg
inat_274738241_493838944,parodia,,ok,model: parodia 0.44,https://www.inaturalist.org/observations/274738241,data/raw/inaturalist/parodia/inat_274738241_493838944.jpg
inat_195611087_344177010,parodia,Parodia erinaceus,ok,model: parodia 0.45,https://www.inaturalist.org/observations/195611087,data/raw/inaturalist/parodia/inat_195611087_344177010.jpg
inat_156810330_271185758,parodia,Parodia magnifica,not_potted,model: parodia 0.46,https://www.inaturalist.org/observations/156810330,data/raw/inaturalist/parodia/inat_156810330_271185758.jpg
inat_322842158_584094223,parodia,Parodia schumanniana,not_potted,model: parodia 0.49,https://www.inaturalist.org/observations/322842158,data/raw/inaturalist/parodia/inat_322842158_584094223.jpg
inat_224182922_397298639,parodia,,ok,model: parodia 0.49,https://www.inaturalist.org/observations/224182922,data/raw/inaturalist/parodia/inat_224182922_397298639.jpg
