src,source,label,subclass,plant,qc_status
data/Cactus_1/Astrophytum/asterias (แอสโตรดาว-คาบูโตะ)/IMG_4904.JPG,handon,astrophytum,asterias,x0000,multi_plant
data/Cactus_1/Astrophytum/asterias (แอสโตรดาว-คาบูโตะ)/IMG_4905.HEIC,handon,astrophytum,asterias,p001,ok
data/Cactus_1/Astrophytum/asterias (แอสโตรดาว-คาบูโตะ)/IMG_4906.HEIC,handon,astrophytum,asterias,p001,ok
data/Cactus_1/Astrophytum/asterias (แอสโตรดาว-คาบูโตะ)/IMG_4907.HEIC,handon,astrophytum,asterias,p001,ok
data/Cactus_1/Astrophytum/asterias (แอสโตรดาว-คาบูโตะ)/IMG_4908.HEIC,handon,astrophytum,asterias,x0004,multi_plant
data/Cactus_1/Astrophytum/asterias (แอสโตรดาว-คาบูโตะ)/IMG_4909.HEIC,handon,astrophytum,asterias,x0005,multi_plant
data/Cactus_1/Astrophytum/asterias (แอสโตรดาว-คาบูโตะ)/IMG_4910.HEIC,handon,astrophytum,asterias,p002,ok
data/Cactus_1/Astrophytum/asterias (แอสโตรดาว-คาบูโตะ)/IMG_4911.HEIC,handon,astrophytum,asterias,p002,ok
data/Cactus_1/Astrophytum/asterias (แอสโตรดาว-คาบูโตะ)/IMG_4912.HEIC,handon,astrophytum,asterias,p002,ok
data/Cactus_1/Astrophytum/asterias (แอสโตรดาว-คาบูโตะ)/IMG_4913.HEIC,handon,astrophytum,asterias,p003,ok
data/Cactus_1/Astrophytum/asterias (แอสโตรดาว-คาบูโตะ)/IMG_4914.HEIC,handon,astrophytum,asterias,p003,ok
data/Cactus_1/Astrophytum/asterias (แอสโตรดาว-คาบูโตะ)/IMG_4915.HEIC,handon,astrophytum,asterias,p004,ok
data/Cactus_1/Astrophytum/asterias (แอสโตรดาว-คาบูโตะ)/IMG_4916.HEIC,handon,astrophytum,asterias,p004,ok
data/Cactus_1/Astrophytum/asterias (แอสโตรดาว-คาบูโตะ)/IMG_4917.HEIC,handon,astrophytum,asterias,p004,ok
data/Cactus_1/Astrophytum/asterias (แอสโตรดาว-คาบูโตะ)/IMG_4918.HEIC,handon,astrophytum,asterias,p005,ok
data/Cactus_1/Astrophytum/asterias (แอสโตรดาว-คาบูโตะ)/IMG_4919.HEIC,handon,astrophytum,asterias,p005,ok
data/Cactus_1/Astrophytum/asterias (แอสโตรดาว-คาบูโตะ)/IMG_4920.HEIC,handon,astrophytum,asterias,p006,ok
data/Cactus_1/Astrophytum/asterias (แอสโตรดาว-คาบูโตะ)/IMG_4921.HEIC,handon,astrophytum,asterias,p006,ok
data/Cactus_1/Astrophytum/asterias (แอสโตรดาว-คาบูโตะ)/IMG_4922.HEIC,handon,astrophytum,asterias,p007,ok
data/Cactus_1/Astrophytum/asterias (แอสโตรดาว-คาบูโตะ)/IMG_4923.HEIC,handon,astrophytum,asterias,p007,ok
data/Cactus_1/Astrophytum/asterias (แอสโตรดาว-คาบูโตะ)/IMG_4924.HEIC,handon,astrophytum,asterias,p007,ok
data/Cactus_1/Astrophytum/asterias (แอสโตรดาว-คาบูโตะ)/IMG_4925.HEIC,handon,astrophytum,asterias,p008,ok
data/Cactus_1/Astrophytum/asterias (แอสโตรดาว-คาบูโตะ)/IMG_4926.HEIC,handon,astrophytum,asterias,p008,ok
data/Cactus_1/Astrophytum/asterias (แอสโตรดาว-คาบูโตะ)/IMG_4927.HEIC,handon,astrophytum,asterias,p008,ok
data/Cactus_1/Astrophytum/asterias (แอสโตรดาว-คาบูโตะ)/IMG_4928.HEIC,handon,astrophytum,asterias,p009,ok
data/Cactus_1/Astrophytum/asterias (แอสโตรดาว-คาบูโตะ)/IMG_4929.HEIC,handon,astrophytum,asterias,p009,ok
data/Cactus_1/Astrophytum/asterias (แอสโตรดาว-คาบูโตะ)/IMG_4930.HEIC,handon,astrophytum,asterias,p009,ok
data/Cactus_1/Astrophytum/asterias (แอสโตรดาว-คาบูโตะ)/IMG_4948.HEIC,handon,astrophytum,myriostigma,p010,ok
data/Cactus_1/Astrophytum/asterias (แอสโตรดาว-คาบูโตะ)/IMG_4949.HEIC,handon,astrophytum,myriostigma,p010,ok
data/Cactus_1/Astrophytum/asterias (แอสโตรดาว-คาบูโตะ)/IMG_4950.HEIC,handon,astrophytum,myriostigma,p010,ok
data/Cactus_1/Astrophytum/asterias (แอสโตรดาว-คาบูโตะ)/IMG_4962.HEIC,handon,astrophytum,asterias,p011,ok
data/Cactus_1/Astrophytum/asterias (แอสโตรดาว-คาบูโตะ)/IMG_4963.HEIC,handon,astrophytum,asterias,p011,ok
data/Cactus_1/Astrophytum/asterias (แอสโตรดาว-คาบูโตะ)/IMG_5327.HEIC,handon,astrophytum,asterias,p012,ok
data/Cactus_1/Astrophytum/asterias (แอสโตรดาว-คาบูโตะ)/IMG_5328.HEIC,handon,astrophytum,asterias,p012,ok
data/Cactus_1/Astrophytum/asterias (แอสโตรดาว-คาบูโตะ)/IMG_5329.HEIC,handon,astrophytum,asterias,p012,ok
data/Cactus_1/Astrophytum/asterias (แอสโตรดาว-คาบูโตะ)/IMG_5330.HEIC,handon,astrophytum,asterias,p012,ok
data/Cactus_1/Astrophytum/asterias (แอสโตรดาว-คาบูโตะ)/IMG_5335.HEIC,handon,astrophytum,asterias,p012,ok
data/Cactus_1/Astrophytum/asterias (แอสโตรดาว-คาบูโตะ)/IMG_5362.HEIC,handon,astrophytum,asterias,p013,ok
data/Cactus_1/Astrophytum/asterias (แอสโตรดาว-คาบูโตะ)/IMG_5363.HEIC,handon,astrophytum,asterias,p013,ok
data/Cactus_1/Astrophytum/asterias (แอสโตรดาว-คาบูโตะ)/IMG_5364.HEIC,handon,astrophytum,asterias,p013,ok
data/Cactus_1/Astrophytum/asterias (แอสโตรดาว-คาบูโตะ)/IMG_5365.HEIC,handon,astrophytum,asterias,p014,ok
data/Cactus_1/Astrophytum/asterias (แอสโตรดาว-คาบูโตะ)/IMG_5366.HEIC,handon,astrophytum,asterias,p014,ok
data/Cactus_1/Astrophytum/asterias (แอสโตรดาว-คาบูโตะ)/IMG_5367.HEIC,handon,astrophytum,asterias,p014,ok
data/Cactus_1/Astrophytum/asterias (แอสโตรดาว-คาบูโตะ)/IMG_5368.HEIC,handon,astrophytum,asterias,p015,ok
data/Cactus_1/Astrophytum/asterias (แอสโตรดาว-คาบูโตะ)/IMG_5369.HEIC,handon,astrophytum,asterias,p015,ok
data/Cactus_1/Astrophytum/asterias (แอสโตรดาว-คาบูโตะ)/IMG_5370.HEIC,handon,astrophytum,asterias,p015,ok
data/Cactus_1/Astrophytum/asterias (แอสโตรดาว-คาบูโตะ)/IMG_5371.HEIC,handon,astrophytum,asterias,p015,ok
data/Cactus_1/Astrophytum/asterias (แอสโตรดาว-คาบูโตะ)/IMG_5401(1).HEIC,handon,astrophytum,myriostigma,p016,ok
data/Cactus_1/Astrophytum/asterias (แอสโตรดาว-คาบูโตะ)/IMG_5402(1).HEIC,handon,astrophytum,myriostigma,p016,ok
data/Cactus_1/Astrophytum/asterias (แอสโตรดาว-คาบูโตะ)/IMG_5403(1).HEIC,handon,astrophytum,myriostigma,p016,ok
data/Cactus_1/Astrophytum/asterias (แอสโตรดาว-คาบูโตะ)/IMG_5404(1).HEIC,handon,astrophytum,myriostigma,p016,ok
data/Cactus_1/Astrophytum/asterias (แอสโตรดาว-คาบูโตะ)/IMG_5405(1).HEIC,handon,astrophytum,myriostigma,p016,ok
data/Cactus_1/Astrophytum/myriostigma (หมวกแก๊ป)/IMG_4947.JPG,handon,astrophytum,myriostigma,x0057,multi_plant
data/Cactus_1/Astrophytum/myriostigma (หมวกแก๊ป)/IMG_4951.HEIC,handon,astrophytum,myriostigma,p017,ok
data/Cactus_1/Astrophytum/myriostigma (หมวกแก๊ป)/IMG_4952.HEIC,handon,astrophytum,myriostigma,p017,ok
data/Cactus_1/Astrophytum/myriostigma (หมวกแก๊ป)/IMG_4953.HEIC,handon,astrophytum,myriostigma,p017,ok
data/Cactus_1/Astrophytum/myriostigma (หมวกแก๊ป)/IMG_4954.HEIC,handon,astrophytum,myriostigma,p018,ok
data/Cactus_1/Astrophytum/myriostigma (หมวกแก๊ป)/IMG_4955.HEIC,handon,astrophytum,myriostigma,p018,ok
data/Cactus_1/Astrophytum/myriostigma (หมวกแก๊ป)/IMG_4956.HEIC,handon,astrophytum,myriostigma,p018,ok
data/Cactus_1/Astrophytum/myriostigma (หมวกแก๊ป)/IMG_4957.HEIC,handon,astrophytum,myriostigma,p018,ok
data/Cactus_1/Astrophytum/myriostigma (หมวกแก๊ป)/IMG_4958.HEIC,handon,astrophytum,myriostigma,p018,ok
data/Cactus_1/Astrophytum/myriostigma (หมวกแก๊ป)/IMG_4959.HEIC,handon,astrophytum,myriostigma,p018,ok
data/Cactus_1/Astrophytum/myriostigma (หมวกแก๊ป)/IMG_4960.HEIC,handon,astrophytum,myriostigma,p018,ok
data/Cactus_1/Astrophytum/myriostigma (หมวกแก๊ป)/IMG_5160.HEIC,handon,astrophytum,myriostigma,p019,ok
data/Cactus_1/Astrophytum/myriostigma (หมวกแก๊ป)/IMG_5161.HEIC,handon,astrophytum,myriostigma,p019,ok
data/Cactus_1/Astrophytum/myriostigma (หมวกแก๊ป)/IMG_5162.HEIC,handon,astrophytum,myriostigma,p019,ok
data/Cactus_1/Echinocactus/ถังทอง/IMG_5017.HEIC,handon,echinocactus,,p020,ok
data/Cactus_1/Echinocactus/ถังทอง/IMG_5018.HEIC,handon,echinocactus,,p020,ok
data/Cactus_1/Echinocactus/ถังทอง/IMG_5019.HEIC,handon,echinocactus,,p020,ok
data/Cactus_1/Echinocactus/ถังทองมอนต์/IMG_4988.HEIC,handon,echinocactus,,x0074,multi_plant
data/Cactus_1/Echinocactus/ถังทองมอนต์/IMG_4989.HEIC,handon,echinocactus,,p021,ok
data/Cactus_1/Echinocactus/ถังทองมอนต์/IMG_4990.HEIC,handon,echinocactus,,p021,ok
data/Cactus_1/Echinocactus/ถังทองมอนต์/IMG_4991.HEIC,handon,echinocactus,,p021,ok
data/Cactus_1/Echinocactus/ถังทองมอนต์/IMG_4992.HEIC,handon,echinocactus,,p021,ok
data/Cactus_1/Echinocactus/ถังทองมอนต์/IMG_4993.HEIC,handon,echinocactus,,p021,ok
data/Cactus_1/Echinocactus/ถังทองมอนต์/IMG_4994.HEIC,handon,echinocactus,,p021,ok
data/Cactus_1/Echinocactus/ถังทองมอนต์/IMG_4995.HEIC,handon,echinocactus,,p021,ok
data/Cactus_1/Echinocactus/ถังทองมอนต์/IMG_4996.HEIC,handon,echinocactus,,x0082,multi_plant
data/Cactus_1/Echinocactus/ถังทองมอนต์/IMG_4997.HEIC,handon,echinocactus,,x0083,multi_plant
data/Cactus_1/Echinocactus/ถังทองมอนต์/IMG_4998.HEIC,handon,echinocactus,,p022,ok
data/Cactus_1/Echinocactus/ถังทองมอนต์/IMG_4999.HEIC,handon,echinocactus,,p022,ok
data/Cactus_1/Echinocactus/ถังทองมอนต์/IMG_5001.HEIC,handon,echinocactus,,p022,ok
data/Cactus_1/Echinocactus/ถังทองมอนต์/IMG_5002.HEIC,handon,echinocactus,,p022,ok
data/Cactus_1/Echinopsis/oxygona/IMG_5012.HEIC,handon,echinopsis,oxygona,x0088,multi_plant
data/Cactus_1/Echinopsis/oxygona/IMG_5013.HEIC,handon,echinopsis,oxygona,p023,ok
data/Cactus_1/Echinopsis/oxygona/IMG_5014.HEIC,handon,echinopsis,oxygona,p023,ok
data/Cactus_1/Echinopsis/oxygona/IMG_5015.HEIC,handon,echinopsis,oxygona,p023,ok
data/Cactus_1/Echinopsis/oxygona/IMG_5016.HEIC,handon,echinopsis,oxygona,p023,ok
data/Cactus_1/Echinopsis/ถั่วลิสง (chamaecereus)/IMG_5003.HEIC,handon,echinopsis,chamaecereus,x0093,multi_plant
data/Cactus_1/Echinopsis/ถั่วลิสง (chamaecereus)/IMG_5004.HEIC,handon,echinopsis,chamaecereus,p024,ok
data/Cactus_1/Echinopsis/ถั่วลิสง (chamaecereus)/IMG_5005.HEIC,handon,echinopsis,chamaecereus,p024,ok
data/Cactus_1/Echinopsis/ถั่วลิสง (chamaecereus)/IMG_5006.HEIC,handon,echinopsis,chamaecereus,p024,ok
data/Cactus_1/Echinopsis/ถั่วลิสง (chamaecereus)/IMG_5007.HEIC,handon,echinopsis,chamaecereus,p024,ok
data/Cactus_1/Echinopsis/ถั่วลิสง (chamaecereus)/IMG_5008.HEIC,handon,echinopsis,chamaecereus,p024,ok
data/Cactus_1/Echinopsis/ถั่วลิสง (chamaecereus)/IMG_5009.HEIC,handon,echinopsis,chamaecereus,p024,ok
data/Cactus_1/Echinopsis/ถั่วลิสง (chamaecereus)/IMG_5010.HEIC,handon,echinopsis,chamaecereus,p024,ok
data/Cactus_1/Echinopsis/ถั่วลิสง (chamaecereus)/IMG_5011.HEIC,handon,echinopsis,chamaecereus,p024,ok
"data/Cactus_1/Gymnocalycium/หัวสี, ด่าง, ปกติ/IMG_4850.HEIC",handon,gymnocalycium,,x0102,multi_plant
"data/Cactus_1/Gymnocalycium/หัวสี, ด่าง, ปกติ/IMG_4851.HEIC",handon,gymnocalycium,,x0103,multi_plant
"data/Cactus_1/Gymnocalycium/หัวสี, ด่าง, ปกติ/IMG_4852.HEIC",handon,gymnocalycium,,x0104,multi_plant
"data/Cactus_1/Gymnocalycium/หัวสี, ด่าง, ปกติ/IMG_4853.HEIC",handon,gymnocalycium,colored,p025,ok
"data/Cactus_1/Gymnocalycium/หัวสี, ด่าง, ปกติ/IMG_4854.HEIC",handon,gymnocalycium,colored,p025,ok
"data/Cactus_1/Gymnocalycium/หัวสี, ด่าง, ปกติ/IMG_4855.HEIC",handon,gymnocalycium,colored,p025,ok
"data/Cactus_1/Gymnocalycium/หัวสี, ด่าง, ปกติ/IMG_4856.HEIC",handon,gymnocalycium,colored,p026,ok
"data/Cactus_1/Gymnocalycium/หัวสี, ด่าง, ปกติ/IMG_4857.HEIC",handon,gymnocalycium,colored,p026,ok
"data/Cactus_1/Gymnocalycium/หัวสี, ด่าง, ปกติ/IMG_4858.HEIC",handon,gymnocalycium,colored,p026,ok
"data/Cactus_1/Gymnocalycium/หัวสี, ด่าง, ปกติ/IMG_4859.HEIC",handon,gymnocalycium,colored,p026,ok
"data/Cactus_1/Gymnocalycium/หัวสี, ด่าง, ปกติ/IMG_4860.HEIC",handon,gymnocalycium,colored,p027,ok
"data/Cactus_1/Gymnocalycium/หัวสี, ด่าง, ปกติ/IMG_4861.HEIC",handon,gymnocalycium,colored,p027,ok
"data/Cactus_1/Gymnocalycium/หัวสี, ด่าง, ปกติ/IMG_4862.HEIC",handon,gymnocalycium,colored,p027,ok
"data/Cactus_1/Gymnocalycium/หัวสี, ด่าง, ปกติ/IMG_4863.HEIC",handon,gymnocalycium,,x0115,multi_plant
"data/Cactus_1/Gymnocalycium/หัวสี, ด่าง, ปกติ/IMG_4864.HEIC",handon,gymnocalycium,,x0116,multi_plant
"data/Cactus_1/Gymnocalycium/หัวสี, ด่าง, ปกติ/IMG_4865.HEIC",handon,gymnocalycium,colored,p028,ok
"data/Cactus_1/Gymnocalycium/หัวสี, ด่าง, ปกติ/IMG_4866.HEIC",handon,gymnocalycium,colored,p028,ok
"data/Cactus_1/Gymnocalycium/หัวสี, ด่าง, ปกติ/IMG_4867.HEIC",handon,gymnocalycium,colored,p028,ok
"data/Cactus_1/Gymnocalycium/หัวสี, ด่าง, ปกติ/IMG_4868.HEIC",handon,gymnocalycium,variegated,p029,ok
"data/Cactus_1/Gymnocalycium/หัวสี, ด่าง, ปกติ/IMG_4869.HEIC",handon,gymnocalycium,variegated,p029,ok
"data/Cactus_1/Gymnocalycium/หัวสี, ด่าง, ปกติ/IMG_4870.HEIC",handon,gymnocalycium,variegated,p029,ok
"data/Cactus_1/Gymnocalycium/หัวสี, ด่าง, ปกติ/IMG_4871.HEIC",handon,gymnocalycium,colored,p030,ok
"data/Cactus_1/Gymnocalycium/หัวสี, ด่าง, ปกติ/IMG_4872.HEIC",handon,gymnocalycium,colored,p030,ok
"data/Cactus_1/Gymnocalycium/หัวสี, ด่าง, ปกติ/IMG_4873.HEIC",handon,gymnocalycium,colored,p030,ok
"data/Cactus_1/Gymnocalycium/หัวสี, ด่าง, ปกติ/IMG_4875.JPG",handon,gymnocalycium,,x0126,multi_plant
"data/Cactus_1/Gymnocalycium/หัวสี, ด่าง, ปกติ/IMG_4876.HEIC",handon,gymnocalycium,normal,p031,ok
"data/Cactus_1/Gymnocalycium/หัวสี, ด่าง, ปกติ/IMG_4877.HEIC",handon,gymnocalycium,normal,p031,ok
"data/Cactus_1/Gymnocalycium/หัวสี, ด่าง, ปกติ/IMG_4878.HEIC",handon,gymnocalycium,normal,p031,ok
"data/Cactus_1/Gymnocalycium/หัวสี, ด่าง, ปกติ/IMG_4879.HEIC",handon,gymnocalycium,normal,p032,ok
"data/Cactus_1/Gymnocalycium/หัวสี, ด่าง, ปกติ/IMG_4880.HEIC",handon,gymnocalycium,normal,p032,ok
"data/Cactus_1/Gymnocalycium/หัวสี, ด่าง, ปกติ/IMG_4881.HEIC",handon,gymnocalycium,normal,p032,ok
"data/Cactus_1/Gymnocalycium/หัวสี, ด่าง, ปกติ/IMG_4882.HEIC",handon,gymnocalycium,normal,p032,ok
"data/Cactus_1/Gymnocalycium/หัวสี, ด่าง, ปกติ/IMG_4883.HEIC",handon,gymnocalycium,normal,p032,ok
"data/Cactus_1/Gymnocalycium/หัวสี, ด่าง, ปกติ/IMG_4884.HEIC",handon,gymnocalycium,normal,p032,ok
"data/Cactus_1/Gymnocalycium/หัวสี, ด่าง, ปกติ/IMG_5311.HEIC",handon,gymnocalycium,,p033,ok
"data/Cactus_1/Gymnocalycium/หัวสี, ด่าง, ปกติ/IMG_5312.HEIC",handon,gymnocalycium,,p033,ok
"data/Cactus_1/Gymnocalycium/หัวสี, ด่าง, ปกติ/IMG_5313.HEIC",handon,gymnocalycium,,p033,ok
"data/Cactus_1/Gymnocalycium/หัวสี, ด่าง, ปกติ/IMG_5314.HEIC",handon,gymnocalycium,,p033,ok
"data/Cactus_1/Gymnocalycium/หัวสี, ด่าง, ปกติ/IMG_5322.HEIC",handon,gymnocalycium,,p034,ok
"data/Cactus_1/Gymnocalycium/หัวสี, ด่าง, ปกติ/IMG_5323.HEIC",handon,gymnocalycium,,p034,ok
"data/Cactus_1/Gymnocalycium/หัวสี, ด่าง, ปกติ/IMG_5324.HEIC",handon,gymnocalycium,,p034,ok
"data/Cactus_1/Gymnocalycium/หัวสี, ด่าง, ปกติ/IMG_5325.HEIC",handon,gymnocalycium,,p034,ok
"data/Cactus_1/Gymnocalycium/หัวสี, ด่าง, ปกติ/IMG_5326.HEIC",handon,gymnocalycium,,x0144,multi_plant
"data/Cactus_1/Gymnocalycium/หัวสี, ด่าง, ปกติ/IMG_5347.HEIC",handon,gymnocalycium,normal,p035,ok
"data/Cactus_1/Gymnocalycium/หัวสี, ด่าง, ปกติ/IMG_5348.HEIC",handon,gymnocalycium,normal,p035,ok
"data/Cactus_1/Gymnocalycium/หัวสี, ด่าง, ปกติ/IMG_5349.HEIC",handon,gymnocalycium,normal,p035,ok
"data/Cactus_1/Gymnocalycium/หัวสี, ด่าง, ปกติ/IMG_5350.HEIC",handon,gymnocalycium,normal,p035,ok
"data/Cactus_1/Gymnocalycium/หัวสี, ด่าง, ปกติ/IMG_5360.HEIC",handon,gymnocalycium,,p036,wrong_label
"data/Cactus_1/Gymnocalycium/หัวสี, ด่าง, ปกติ/IMG_5379.HEIC",handon,gymnocalycium,,p037,ok
"data/Cactus_1/Gymnocalycium/หัวสี, ด่าง, ปกติ/IMG_5380.HEIC",handon,gymnocalycium,,p037,ok
"data/Cactus_1/Gymnocalycium/หัวสี, ด่าง, ปกติ/IMG_5381.HEIC",handon,gymnocalycium,colored,p038,ok
"data/Cactus_1/Gymnocalycium/หัวสี, ด่าง, ปกติ/IMG_5382.HEIC",handon,gymnocalycium,colored,p038,ok
"data/Cactus_1/Gymnocalycium/หัวสี, ด่าง, ปกติ/IMG_5413.HEIC",handon,gymnocalycium,colored,p039,ok
"data/Cactus_1/Gymnocalycium/หัวสี, ด่าง, ปกติ/IMG_5414.HEIC",handon,gymnocalycium,colored,p039,ok
"data/Cactus_1/Gymnocalycium/หัวสี, ด่าง, ปกติ/IMG_5415.HEIC",handon,gymnocalycium,colored,p039,ok
"data/Cactus_1/Gymnocalycium/หัวสี, ด่าง, ปกติ/IMG_5454.HEIC",handon,gymnocalycium,variegated,p040,ok
data/Cactus_1/Mammillalia/elongata (ก้างปลา)/IMG_4965.HEIC,handon,mammillaria,elongata,x0158,multi_plant
data/Cactus_1/Mammillalia/elongata (ก้างปลา)/IMG_4966.HEIC,handon,mammillaria,elongata,p041,ok
data/Cactus_1/Mammillalia/elongata (ก้างปลา)/IMG_4967.HEIC,handon,mammillaria,elongata,p041,ok
data/Cactus_1/Mammillalia/elongata (ก้างปลา)/IMG_4968.HEIC,handon,mammillaria,elongata,p041,ok
data/Cactus_1/Mammillalia/elongata (ก้างปลา)/IMG_4969.HEIC,handon,mammillaria,elongata,p042,ok
data/Cactus_1/Mammillalia/elongata (ก้างปลา)/IMG_4970.HEIC,handon,mammillaria,elongata,p042,ok
data/Cactus_1/Mammillalia/elongata (ก้างปลา)/IMG_4971.HEIC,handon,mammillaria,elongata,x0164,multi_plant
data/Cactus_1/Mammillalia/elongata (ก้างปลา)/IMG_4972.HEIC,handon,mammillaria,elongata,p043,ok
data/Cactus_1/Mammillalia/elongata (ก้างปลา)/IMG_4973.HEIC,handon,mammillaria,elongata,p043,ok
data/Cactus_1/Mammillalia/elongata (ก้างปลา)/IMG_4974.HEIC,handon,mammillaria,elongata,p043,ok
data/Cactus_1/Mammillalia/elongata (ก้างปลา)/IMG_4975.HEIC,handon,mammillaria,elongata,p043,ok
data/Cactus_1/Mammillalia/elongata (ก้างปลา)/IMG_4976.HEIC,handon,mammillaria,elongata,p043,ok
data/Cactus_1/Mammillalia/elongata (ก้างปลา)/IMG_4977.HEIC,handon,mammillaria,elongata,p043,ok
data/Cactus_1/Mammillalia/elongata (ก้างปลา)/IMG_4978.HEIC,handon,mammillaria,elongata,p043,ok
data/Cactus_1/Mammillalia/plumosa (ขนนก)/IMG_4885.JPG,handon,mammillaria,plumosa,x0172,multi_plant
data/Cactus_1/Mammillalia/plumosa (ขนนก)/IMG_4886.HEIC,handon,mammillaria,plumosa,x0173,multi_plant
data/Cactus_1/Mammillalia/plumosa (ขนนก)/IMG_4887.HEIC,handon,mammillaria,plumosa,x0174,multi_plant
data/Cactus_1/Mammillalia/plumosa (ขนนก)/IMG_4888.HEIC,handon,mammillaria,plumosa,x0175,multi_plant
data/Cactus_1/Mammillalia/plumosa (ขนนก)/IMG_4889.HEIC,handon,mammillaria,plumosa,x0176,multi_plant
data/Cactus_1/Mammillalia/plumosa (ขนนก)/IMG_4890.HEIC,handon,mammillaria,plumosa,p044,ok
data/Cactus_1/Mammillalia/plumosa (ขนนก)/IMG_4891.HEIC,handon,mammillaria,plumosa,p044,ok
data/Cactus_1/Mammillalia/plumosa (ขนนก)/IMG_4892.HEIC,handon,mammillaria,plumosa,p044,ok
data/Cactus_1/Mammillalia/plumosa (ขนนก)/IMG_4893.HEIC,handon,mammillaria,plumosa,p045,ok
data/Cactus_1/Mammillalia/plumosa (ขนนก)/IMG_4894.HEIC,handon,mammillaria,plumosa,p045,ok
data/Cactus_1/Mammillalia/plumosa (ขนนก)/IMG_4895.HEIC,handon,mammillaria,plumosa,p045,ok
data/Cactus_1/Mammillalia/plumosa (ขนนก)/IMG_4896.HEIC,handon,mammillaria,plumosa,p045,ok
data/Cactus_1/Mammillalia/plumosa (ขนนก)/IMG_4897.HEIC,handon,mammillaria,plumosa,p045,ok
data/Cactus_1/Mammillalia/plumosa (ขนนก)/IMG_4898.HEIC,handon,mammillaria,plumosa,p045,ok
data/Cactus_1/Mammillalia/plumosa (ขนนก)/IMG_4899.HEIC,handon,mammillaria,plumosa,p046,ok
data/Cactus_1/Mammillalia/plumosa (ขนนก)/IMG_4900.HEIC,handon,mammillaria,plumosa,p046,ok
data/Cactus_1/Mammillalia/plumosa (ขนนก)/IMG_4901.HEIC,handon,mammillaria,plumosa,p046,ok
data/Cactus_1/Mammillalia/plumosa (ขนนก)/IMG_4902.HEIC,handon,mammillaria,plumosa,p046,ok
data/Cactus_1/Mammillalia/plumosa (ขนนก)/IMG_4903.HEIC,handon,mammillaria,plumosa,p046,ok
data/Cactus_1/Mammillalia/plumosa (ขนนกทอง)/IMG_5447.HEIC,handon,mammillaria,other,p047,ok
data/Cactus_1/Mammillalia/plumosa (ขนนกทอง)/IMG_5450.HEIC,handon,mammillaria,other,p047,ok
data/Cactus_1/Mammillalia/plumosa (ขนนกทอง)/IMG_5451.HEIC,handon,mammillaria,other,p047,ok
data/Cactus_1/Mammillalia/plumosa (ขนนกทอง)/IMG_5452.HEIC,handon,mammillaria,other,p047,ok
data/Cactus_1/Mammillalia/plumosa (ขนนกทอง)/IMG_5453.HEIC,handon,mammillaria,other,x0195,multi_plant
data/Cactus_1/Mammillalia/ขนแมว/IMG_4810.HEIC,handon,mammillaria,other,x0196,multi_plant
data/Cactus_1/Mammillalia/ขนแมว/IMG_4811.HEIC,handon,mammillaria,other,x0197,multi_plant
data/Cactus_1/Mammillalia/ขนแมว/IMG_4812.HEIC,handon,mammillaria,other,x0198,multi_plant
data/Cactus_1/Mammillalia/ขนแมว/IMG_4813.HEIC,handon,mammillaria,other,p048,ok
data/Cactus_1/Mammillalia/ขนแมว/IMG_4814.HEIC,handon,mammillaria,other,p048,ok
data/Cactus_1/Mammillalia/ขนแมว/IMG_4815.HEIC,handon,mammillaria,other,p048,ok
data/Cactus_1/Mammillalia/ขนแมว/IMG_4816.HEIC,handon,mammillaria,other,x0202,multi_plant
data/Cactus_1/Mammillalia/ขนแมว/IMG_4817.HEIC,handon,mammillaria,other,x0203,multi_plant
data/Cactus_1/Mammillalia/ขนแมว/IMG_4818.HEIC,handon,mammillaria,other,x0204,multi_plant
data/Cactus_1/Mammillalia/ขนแมว/IMG_4819.HEIC,handon,mammillaria,other,p049,ok
data/Cactus_1/Mammillalia/ขนแมว/IMG_4820.HEIC,handon,mammillaria,other,p049,ok
data/Cactus_1/Mammillalia/ขนแมว/IMG_4821.HEIC,handon,mammillaria,other,p049,ok
data/Cactus_1/Mammillalia/ขนแมว/IMG_4822.HEIC,handon,mammillaria,other,p049,ok
data/Cactus_1/Mammillalia/ขนแมว/IMG_4823.HEIC,handon,mammillaria,other,p049,ok
data/Cactus_1/Mammillalia/ขนแมว/IMG_4824.HEIC,handon,mammillaria,other,p049,ok
data/Cactus_1/Mammillalia/ขนแมว/IMG_4825.HEIC,handon,mammillaria,other,p049,ok
data/Cactus_1/Mammillalia/ขนแมว/IMG_4826.HEIC,handon,mammillaria,other,p049,ok
data/Cactus_1/Mammillalia/ขนแมว/IMG_4827.HEIC,handon,mammillaria,other,p049,ok
data/Cactus_1/Mammillalia/ขนแมว/IMG_4828.HEIC,handon,mammillaria,other,p049,ok
data/Cactus_1/Opuntia/หูกระต่าย/IMG_4979.HEIC,handon,opuntia,,p050,ok
data/Cactus_1/Opuntia/หูกระต่าย/IMG_4980.HEIC,handon,opuntia,,p050,ok
data/Cactus_1/Opuntia/หูกระต่าย/IMG_4981.HEIC,handon,opuntia,,p050,ok
data/Cactus_1/Opuntia/หูกระต่าย/IMG_4982.HEIC,handon,opuntia,,p050,ok
data/Cactus_1/Opuntia/หูกระต่าย/IMG_4983.HEIC,handon,opuntia,,p050,ok
data/Cactus_1/Opuntia/หูกระต่าย/IMG_4984.HEIC,handon,opuntia,,p050,ok
data/Cactus_1/Opuntia/หูกระต่าย/IMG_4985.HEIC,handon,opuntia,,p050,ok
data/Cactus_1/Opuntia/หูกระต่าย/IMG_4986.HEIC,handon,opuntia,,p050,ok
data/Cactus_1/Opuntia/หูกระต่าย/IMG_4987.HEIC,handon,opuntia,,p050,ok
data/Cactus_1/Opuntia/หูกระต่าย/IMG_5429.HEIC,handon,opuntia,,p051,ok
data/Cactus_1/Opuntia/หูกระต่าย/IMG_5430.HEIC,handon,opuntia,,p051,ok
data/Cactus_1/Opuntia/หูกระต่าย/IMG_5431.HEIC,handon,opuntia,,p051,ok
data/Cactus_1/Opuntia/หูกระต่าย/IMG_5432.HEIC,handon,opuntia,,p051,ok
data/Cactus_1/Opuntia/หูกระต่าย/IMG_5433.HEIC,handon,opuntia,,p051,ok
data/Cactus_1/Opuntia/หูกระต่าย/IMG_5434.HEIC,handon,opuntia,,p051,ok
data/Cactus_1/Opuntia/หูกระต่าย/IMG_5435.HEIC,handon,opuntia,,p051,ok
data/Cactus_1/Opuntia/หูกระต่าย/IMG_5436.HEIC,handon,opuntia,,p051,ok
data/Cactus_1/Opuntia/หูกระต่าย/IMG_5437.HEIC,handon,opuntia,,p051,ok
data/Cactus_1/Opuntia/หูกระต่าย/IMG_5438.HEIC,handon,opuntia,,p051,ok
data/Cactus_1/Opuntia/หูกระต่าย/IMG_5441.HEIC,handon,opuntia,,x0234,multi_plant
data/Cactus_1/Opuntia/หูกระต่าย/IMG_5443.HEIC,handon,opuntia,,x0235,multi_plant
data/Cactus_1/Opuntia/หูกระต่าย/IMG_5444.HEIC,handon,opuntia,,x0236,multi_plant
data/Cactus_1/Opuntia/หูกระต่าย/IMG_5445.HEIC,handon,opuntia,,x0237,multi_plant
data/Cactus_1/Opuntia/หูกระต่าย/IMG_5446.HEIC,handon,opuntia,,x0238,multi_plant
data/Cactus_1/Opuntia/หูกระต่าย/IMG_5455.HEIC,handon,opuntia,,x0239,multi_plant
data/Cactus_1/Parodia/lenninghausii (Yellow tower)/IMG_4931.JPG,handon,parodia,lenninghausii,x0240,multi_plant
data/Cactus_1/Parodia/lenninghausii (Yellow tower)/IMG_4932.HEIC,handon,parodia,lenninghausii,p052,ok
data/Cactus_1/Parodia/lenninghausii (Yellow tower)/IMG_4933.HEIC,handon,parodia,lenninghausii,p052,ok
data/Cactus_1/Parodia/lenninghausii (Yellow tower)/IMG_4934.HEIC,handon,parodia,lenninghausii,p052,ok
data/Cactus_1/Parodia/lenninghausii (Yellow tower)/IMG_4935.HEIC,handon,parodia,lenninghausii,p052,ok
data/Cactus_1/Parodia/lenninghausii (Yellow tower)/IMG_4936.HEIC,handon,parodia,lenninghausii,p052,ok
data/Cactus_1/Parodia/lenninghausii (Yellow tower)/IMG_4937.HEIC,handon,parodia,lenninghausii,p052,ok
data/Cactus_1/Parodia/lenninghausii (Yellow tower)/IMG_4938.HEIC,handon,parodia,lenninghausii,p052,ok
data/Cactus_1/Parodia/lenninghausii (Yellow tower)/IMG_4939.HEIC,handon,parodia,lenninghausii,p052,ok
data/Cactus_1/Parodia/lenninghausii (Yellow tower)/IMG_4940.HEIC,handon,parodia,lenninghausii,p052,ok
data/Cactus_1/Parodia/lenninghausii (Yellow tower)/IMG_4941.HEIC,handon,parodia,lenninghausii,p053,ok
data/Cactus_1/Parodia/lenninghausii (Yellow tower)/IMG_4942.HEIC,handon,parodia,lenninghausii,p053,ok
data/Cactus_1/Parodia/lenninghausii (Yellow tower)/IMG_4943.HEIC,handon,parodia,lenninghausii,p053,ok
data/Cactus_1/Parodia/lenninghausii (Yellow tower)/IMG_4944.HEIC,handon,parodia,lenninghausii,x0253,multi_plant
data/Cactus_1/Parodia/lenninghausii (Yellow tower)/IMG_4945.HEIC,handon,parodia,lenninghausii,x0254,multi_plant
data/Cactus_1/Parodia/lenninghausii (Yellow tower)/IMG_4946.HEIC,handon,parodia,lenninghausii,x0255,multi_plant
data/Cactus_1/Parodia/lenninghausii (Yellow tower)/IMG_5394.HEIC,handon,parodia,lenninghausii,p054,ok
data/Cactus_1/Parodia/lenninghausii (Yellow tower)/IMG_5395.HEIC,handon,parodia,lenninghausii,p054,ok
data/Cactus_1/Parodia/lenninghausii (Yellow tower)/IMG_5396.HEIC,handon,parodia,lenninghausii,p054,ok
data/Cactus_1/Parodia/lenninghausii (Yellow tower)/IMG_5397.HEIC,handon,parodia,lenninghausii,p054,ok
data/Cactus_1/Parodia/lenninghausii (Yellow tower)/IMG_5398.HEIC,handon,parodia,lenninghausii,p054,ok
data/Cactus_1/Parodia/lenninghausii (Yellow tower)/IMG_5399.HEIC,handon,parodia,lenninghausii,p054,ok
data/Cactus_1/Parodia/lenninghausii (Yellow tower)/IMG_5400.HEIC,handon,parodia,lenninghausii,p054,ok
data/Cactus_1/Parodia/lenninghausii (Yellow tower)/IMG_5406.HEIC,handon,parodia,lenninghausii,p055,ok
data/Cactus_1/Parodia/lenninghausii (Yellow tower)/IMG_5407.HEIC,handon,parodia,lenninghausii,p055,ok
data/Cactus_1/Parodia/lenninghausii (Yellow tower)/IMG_5408.HEIC,handon,parodia,lenninghausii,p055,ok
data/Cactus_1/Parodia/lenninghausii (Yellow tower)/IMG_5409.HEIC,handon,parodia,lenninghausii,p055,ok
data/Cactus_2/Astrophytum asterias/แอสโตรหมวกแก๊ป/IMG_6784.JPG,web,astrophytum,myriostigma,,ok
data/Cactus_2/Astrophytum asterias/แอสโตรหมวกแก๊ป/IMG_6785.JPG,web,astrophytum,myriostigma,,ok
data/Cactus_2/Astrophytum asterias/แอสโตรหมวกแก๊ป/IMG_6786.JPG,web,astrophytum,myriostigma,,ok
data/Cactus_2/Astrophytum asterias/แอสโตรหมวกแก๊ป/IMG_6787.JPG,web,astrophytum,myriostigma,,ok
data/Cactus_2/Astrophytum asterias/แอสโตรหมวกแก๊ป/IMG_6789.JPG,web,astrophytum,myriostigma,,ok
data/Cactus_2/Astrophytum asterias/แอสโตรหมวกแก๊ป/IMG_6790.JPG,web,astrophytum,myriostigma,,ok
data/Cactus_2/Astrophytum asterias/แอสโตรหมวกแก๊ป/IMG_6791.JPG,web,astrophytum,myriostigma,,ok
data/Cactus_2/Astrophytum asterias/แอสโตรหมวกแก๊ป/IMG_6792.JPG,web,astrophytum,myriostigma,,ok
data/Cactus_2/Astrophytum asterias/แอสโตรหมวกแก๊ป/IMG_6794.JPG,web,astrophytum,myriostigma,,ok
data/Cactus_2/Astrophytum asterias/แอสโตรหมวกแก๊ป/IMG_6795.JPG,web,astrophytum,myriostigma,,ok
data/Cactus_2/Astrophytum asterias/แอสโตรหมวกแก๊ป/IMG_6796.JPG,web,astrophytum,myriostigma,,ok
data/Cactus_2/Astrophytum asterias/แอสโตรหมวกแก๊ป/IMG_6797.JPG,web,astrophytum,myriostigma,,multi_plant
data/Cactus_2/Astrophytum asterias/แอสโตรหมวกแก๊ป/IMG_6798.JPG,web,astrophytum,myriostigma,,ok
data/Cactus_2/Astrophytum asterias/แอสโตรหมวกแก๊ป/IMG_6799.JPG,web,astrophytum,myriostigma,,ok
data/Cactus_2/Astrophytum asterias/แอสโตรหมวกแก๊ป/IMG_6800.JPG,web,astrophytum,myriostigma,,ok
data/Cactus_2/Astrophytum asterias/แอสโตรหมวกแก๊ป/IMG_6803.WEBP,web,astrophytum,myriostigma,,ok
data/Cactus_2/Astrophytum asterias/แอสโตรหมวกแก๊ป/IMG_6804.WEBP,web,astrophytum,myriostigma,,ok
data/Cactus_2/Astrophytum asterias/แอสโตรหมวกแก๊ป/IMG_6805.JPG,web,astrophytum,myriostigma,,ok
data/Cactus_2/Astrophytum asterias/แอสโตรหมวกแก๊ป/IMG_6806.JPG,web,astrophytum,myriostigma,,ok
data/Cactus_2/Astrophytum asterias/แอสโตรหมวกแก๊ป/IMG_6810.WEBP,web,astrophytum,myriostigma,,ok
data/Cactus_2/Astrophytum asterias/แอสโตรหมวกแก๊ป/IMG_6811.WEBP,web,astrophytum,myriostigma,,ok
data/Cactus_2/Astrophytum asterias/แอสโตรหมวกแก๊ป/IMG_6812.WEBP,web,astrophytum,myriostigma,,ok
data/Cactus_2/Astrophytum asterias/แอสโตรหมวกแก๊ป/IMG_6813.WEBP,web,astrophytum,myriostigma,,ok
data/Cactus_2/Astrophytum asterias/แอสโตรหมวกแก๊ป/IMG_6817.PNG,web,astrophytum,myriostigma,,ok
data/Cactus_2/Astrophytum asterias/แอสโตรหมวกแก๊ป/IMG_6819.WEBP,web,astrophytum,,,ok
data/Cactus_2/Astrophytum asterias/แอสโตรหมวกแก๊ป/IMG_6820.WEBP,web,astrophytum,myriostigma,,wrong_label
data/Cactus_2/Astrophytum asterias/แอสโตรออร์นาตัม/IMG_6818.WEBP,web,astrophytum,ornatum,,ok
data/Cactus_2/Astrophytum asterias/แอสโตรออร์นาตัม/IMG_6821.PNG,web,astrophytum,ornatum,,ok
data/Cactus_2/Astrophytum asterias/แอสโตรออร์นาตัม/IMG_6822.PNG,web,astrophytum,ornatum,,ok
data/Cactus_2/Astrophytum asterias/แอสโตรออร์นาตัม/IMG_6823.JPG,web,astrophytum,ornatum,,ok
data/Cactus_2/Astrophytum asterias/แอสโตรออร์นาตัม/IMG_6824.WEBP,web,astrophytum,ornatum,,ok
data/Cactus_2/Astrophytum asterias/แอสโตรออร์นาตัม/IMG_6825.JPG,web,astrophytum,ornatum,,multi_plant
data/Cactus_2/Astrophytum asterias/แอสโตรออร์นาตัม/IMG_6826.JPG,web,astrophytum,ornatum,,multi_plant
data/Cactus_2/Astrophytum asterias/แอสโตรออร์นาตัม/IMG_6827.JPG,web,astrophytum,ornatum,,ok
data/Cactus_2/Astrophytum asterias/แอสโตรออร์นาตัม/IMG_6829.JPG,web,astrophytum,ornatum,,ok
data/Cactus_2/Astrophytum asterias/แอสโตรออร์นาตัม/IMG_6830.JPG,web,astrophytum,ornatum,,multi_plant
data/Cactus_2/Astrophytum asterias/แอสโตรออร์นาตัม/IMG_6836.JPG,web,astrophytum,ornatum,,wrong_label
data/Cactus_2/Astrophytum asterias/แอสโตรออร์นาตัม/IMG_6837.JPG,web,astrophytum,ornatum,,wrong_label
data/Cactus_2/Astrophytum asterias/แอสโตรแอสทีเรียส - แอสโตรดาว/IMG_6737.PNG,web,astrophytum,asterias,,ok
data/Cactus_2/Astrophytum asterias/แอสโตรแอสทีเรียส - แอสโตรดาว/IMG_6738.PNG,web,astrophytum,asterias,,ok
data/Cactus_2/Astrophytum asterias/แอสโตรแอสทีเรียส - แอสโตรดาว/IMG_6739.PNG,web,astrophytum,asterias,,multi_plant
data/Cactus_2/Astrophytum asterias/แอสโตรแอสทีเรียส - แอสโตรดาว/IMG_6740.PNG,web,astrophytum,asterias,,ok
data/Cactus_2/Astrophytum asterias/แอสโตรแอสทีเรียส - แอสโตรดาว/IMG_6741.PNG,web,astrophytum,asterias,,ok
data/Cactus_2/Astrophytum asterias/แอสโตรแอสทีเรียส - แอสโตรดาว/IMG_6742.PNG,web,astrophytum,asterias,,ok
data/Cactus_2/Astrophytum asterias/แอสโตรแอสทีเรียส - แอสโตรดาว/IMG_6743.PNG,web,astrophytum,asterias,,ok
data/Cactus_2/Astrophytum asterias/แอสโตรแอสทีเรียส - แอสโตรดาว/IMG_6744.PNG,web,astrophytum,asterias,,ok
data/Cactus_2/Astrophytum asterias/แอสโตรแอสทีเรียส - แอสโตรดาว/IMG_6745.PNG,web,astrophytum,asterias,,ok
data/Cactus_2/Astrophytum asterias/แอสโตรแอสทีเรียส - แอสโตรดาว/IMG_6746.PNG,web,astrophytum,asterias,,multi_plant
data/Cactus_2/Astrophytum asterias/แอสโตรแอสทีเรียส - แอสโตรดาว/IMG_6748.PNG,web,astrophytum,asterias,,ok
data/Cactus_2/Astrophytum asterias/แอสโตรแอสทีเรียส - แอสโตรดาว/IMG_6749.PNG,web,astrophytum,asterias,,ok
data/Cactus_2/Astrophytum asterias/แอสโตรแอสทีเรียส - แอสโตรดาว/IMG_6750.PNG,web,astrophytum,asterias,,ok
data/Cactus_2/Astrophytum asterias/แอสโตรแอสทีเรียส - แอสโตรดาว/IMG_6751.JPG,web,astrophytum,asterias,,ok
data/Cactus_2/Astrophytum asterias/แอสโตรแอสทีเรียส - แอสโตรดาว/IMG_6752.JPG,web,astrophytum,asterias,,ok
data/Cactus_2/Astrophytum asterias/แอสโตรแอสทีเรียส - แอสโตรดาว/IMG_6753.JPG,web,astrophytum,asterias,,ok
data/Cactus_2/Astrophytum asterias/แอสโตรแอสทีเรียส - แอสโตรดาว/IMG_6754.JPG,web,astrophytum,asterias,,multi_plant
data/Cactus_2/Astrophytum asterias/แอสโตรแอสทีเรียส - แอสโตรดาว/IMG_6755.JPG,web,astrophytum,asterias,,ok
data/Cactus_2/Astrophytum asterias/แอสโตรแอสทีเรียส - แอสโตรดาว/IMG_6756.JPG,web,astrophytum,asterias,,ok
data/Cactus_2/Astrophytum asterias/แอสโตรแอสทีเรียส - แอสโตรดาว/IMG_6757.JPG,web,astrophytum,asterias,,ok
data/Cactus_2/Astrophytum asterias/แอสโตรแอสทีเรียส - แอสโตรดาว/IMG_6758.JPG,web,astrophytum,asterias,,ok
data/Cactus_2/Astrophytum asterias/แอสโตรแอสทีเรียส - แอสโตรดาว/IMG_6759.JPG,web,astrophytum,asterias,,ok
data/Cactus_2/Astrophytum asterias/แอสโตรแอสทีเรียส - แอสโตรดาว/IMG_6760.JPG,web,astrophytum,asterias,,ok
data/Cactus_2/Astrophytum asterias/แอสโตรแอสทีเรียส - แอสโตรดาว/IMG_6761.JPG,web,astrophytum,asterias,,ok
data/Cactus_2/Astrophytum asterias/แอสโตรแอสทีเรียส - แอสโตรดาว/IMG_6762.JPG,web,astrophytum,asterias,,ok
data/Cactus_2/Astrophytum asterias/แอสโตรแอสทีเรียส - แอสโตรดาว/IMG_6763.JPG,web,astrophytum,asterias,,ok
data/Cactus_2/Astrophytum asterias/แอสโตรแอสทีเรียส - แอสโตรดาว/IMG_6764.JPG,web,astrophytum,asterias,,ok
data/Cactus_2/Astrophytum asterias/แอสโตรแอสทีเรียส - แอสโตรดาว/IMG_6765.JPG,web,astrophytum,asterias,,ok
data/Cactus_2/Astrophytum asterias/แอสโตรแอสทีเรียส - แอสโตรดาว/IMG_6766.JPG,web,astrophytum,asterias,,multi_plant
data/Cactus_2/Astrophytum asterias/แอสโตรแอสทีเรียส - แอสโตรดาว/IMG_6767.JPG,web,astrophytum,asterias,,ok
data/Cactus_2/Astrophytum asterias/แอสโตรแอสทีเรียส - แอสโตรดาว/IMG_6768.JPG,web,astrophytum,asterias,,multi_plant
data/Cactus_2/Astrophytum asterias/แอสโตรแอสทีเรียส - แอสโตรดาว/IMG_6769.JPG,web,astrophytum,asterias,,ok
data/Cactus_2/Astrophytum asterias/แอสโตรแอสทีเรียส - แอสโตรดาว/IMG_6770.JPG,web,astrophytum,asterias,,ok
data/Cactus_2/Astrophytum asterias/แอสโตรแอสทีเรียส - แอสโตรดาว/IMG_6771.JPG,web,astrophytum,asterias,,ok
data/Cactus_2/Astrophytum asterias/แอสโตรแอสทีเรียส - แอสโตรดาว/IMG_6772.JPG,web,astrophytum,asterias,,ok
data/Cactus_2/Astrophytum asterias/แอสโตรแอสทีเรียส - แอสโตรดาว/IMG_6773.JPG,web,astrophytum,asterias,,ok
data/Cactus_2/Astrophytum asterias/แอสโตรแอสทีเรียส - แอสโตรดาว/IMG_6774.JPG,web,astrophytum,asterias,,ok
data/Cactus_2/Astrophytum asterias/แอสโตรแอสทีเรียส - แอสโตรดาว/IMG_6775.JPG,web,astrophytum,asterias,,multi_plant
data/Cactus_2/Astrophytum asterias/แอสโตรแอสทีเรียส - แอสโตรดาว/IMG_6776.JPG,web,astrophytum,asterias,,ok
data/Cactus_2/Astrophytum asterias/แอสโตรแอสทีเรียส - แอสโตรดาว/IMG_6777.JPG,web,astrophytum,asterias,,ok
data/Cactus_2/Astrophytum asterias/แอสโตรแอสทีเรียส - แอสโตรดาว/IMG_6778.JPG,web,astrophytum,asterias,,multi_plant
data/Cactus_2/Astrophytum asterias/แอสโตรแอสทีเรียส - แอสโตรดาว/IMG_6779.JPG,web,astrophytum,asterias,,ok
data/Cactus_2/Astrophytum asterias/แอสโตรแอสทีเรียส - แอสโตรดาว/IMG_6780.JPG,web,astrophytum,asterias,,ok
data/Cactus_2/Astrophytum asterias/แอสโตรแอสทีเรียส - แอสโตรดาว/IMG_6781.JPG,web,astrophytum,asterias,,multi_plant
data/Cactus_2/Astrophytum asterias/แอสโตรแอสทีเรียส - แอสโตรดาว/IMG_6782.JPG,web,astrophytum,asterias,,ok
data/Cactus_2/Astrophytum asterias/แอสโตรแอสทีเรียส - แอสโตรดาว/IMG_6783.JPG,web,astrophytum,asterias,,multi_plant
data/Cactus_2/Astrophytum asterias/แอสโตรแอสทีเรียส - แอสโตรดาว/IMG_6793.JPG,web,astrophytum,asterias,,ok
data/Cactus_2/Echinocactus/IMG_6838(1).JPG,web,echinocactus,,,ok
data/Cactus_2/Echinocactus/IMG_6839.JPG,web,echinocactus,,,ok
data/Cactus_2/Echinocactus/IMG_6840(1).JPG,web,echinocactus,,,ok
data/Cactus_2/Echinocactus/IMG_6842.JPG,web,echinocactus,,,ok
data/Cactus_2/Echinocactus/IMG_6844.PNG,web,echinocactus,,,ok
data/Cactus_2/Echinocactus/IMG_6845.PNG,web,echinocactus,,,multi_plant
data/Cactus_2/Echinocactus/IMG_6846.JPG,web,echinocactus,,,ok
data/Cactus_2/Echinocactus/IMG_6847.JPG,web,echinocactus,,,multi_plant
data/Cactus_2/Echinocactus/IMG_6848.PNG,web,echinocactus,,,ok
data/Cactus_2/Echinocactus/IMG_6849.JPG,web,echinocactus,,,ok
data/Cactus_2/Echinocactus/IMG_6850.WEBP,web,echinocactus,,,ok
data/Cactus_2/Echinocactus/IMG_6851.PNG,web,echinocactus,,,ok
data/Cactus_2/Echinopsis/Echinopsis oxygona/IMG_6890.PNG,web,echinopsis,oxygona,,ok
data/Cactus_2/Echinopsis/Echinopsis oxygona/IMG_6891.PNG,web,echinopsis,oxygona,,multi_plant
data/Cactus_2/Echinopsis/Echinopsis oxygona/IMG_6892.PNG,web,echinopsis,oxygona,,multi_plant
data/Cactus_2/Echinopsis/Echinopsis oxygona/IMG_6893.PNG,web,echinopsis,oxygona,,ok
data/Cactus_2/Echinopsis/Echinopsis oxygona/IMG_6894.WEBP,web,echinopsis,oxygona,,ok
data/Cactus_2/Echinopsis/Echinopsis oxygona/IMG_6895.JPG,web,echinopsis,oxygona,,multi_plant
data/Cactus_2/Echinopsis/Echinopsis oxygona/IMG_6896.JPG,web,echinopsis,oxygona,,ok
data/Cactus_2/Echinopsis/Echinopsis oxygona/IMG_6897.JPG,web,echinopsis,oxygona,,ok
data/Cactus_2/Echinopsis/Echinopsis oxygona/IMG_6898.JPG,web,echinopsis,oxygona,,ok
data/Cactus_2/Echinopsis/Echinopsis oxygona/IMG_6899.JPG,web,echinopsis,oxygona,,ok
data/Cactus_2/Echinopsis/Echinopsis oxygona/IMG_6900.JPG,web,echinopsis,oxygona,,ok
data/Cactus_2/Echinopsis/Echinopsis oxygona/IMG_6901.JPG,web,echinopsis,oxygona,,ok
data/Cactus_2/Echinopsis/Echinopsis oxygona/IMG_6902.JPG,web,echinopsis,oxygona,,ok
data/Cactus_2/Echinopsis/Echinopsis oxygona/IMG_6903.JPG,web,echinopsis,oxygona,,ok
data/Cactus_2/Echinopsis/Echinopsis oxygona/IMG_6904.JPG,web,echinopsis,oxygona,,ok
data/Cactus_2/Echinopsis/Echinopsis oxygona/IMG_6905.JPG,web,echinopsis,oxygona,,ok
data/Cactus_2/Echinopsis/Echinopsis oxygona/IMG_6906.JPG,web,echinopsis,oxygona,,ok
data/Cactus_2/Echinopsis/Echinopsis oxygona/IMG_6907.JPG,web,echinopsis,oxygona,,ok
data/Cactus_2/Echinopsis/Echinopsis oxygona/IMG_6908.JPG,web,echinopsis,oxygona,,ok
data/Cactus_2/Echinopsis/Echinopsis oxygona/IMG_6909.JPG,web,echinopsis,oxygona,,ok
data/Cactus_2/Echinopsis/Echinopsis oxygona/IMG_6910.JPG,web,echinopsis,oxygona,,ok
data/Cactus_2/Echinopsis/Echinopsis oxygona/IMG_6911.JPG,web,echinopsis,oxygona,,ok
data/Cactus_2/Echinopsis/Echinopsis oxygona/IMG_6912.JPG,web,echinopsis,oxygona,,ok
data/Cactus_2/Echinopsis/Echinopsis oxygona/IMG_6913.JPG,web,echinopsis,oxygona,,multi_plant
data/Cactus_2/Echinopsis/Echinopsis oxygona/IMG_6914.JPG,web,echinopsis,oxygona,,ok
data/Cactus_2/Echinopsis/Echinopsis oxygona/IMG_6915.JPG,web,echinopsis,oxygona,,ok
data/Cactus_2/Echinopsis/Echinopsis oxygona/IMG_6917.JPG,web,echinopsis,oxygona,,ok
data/Cactus_2/Echinopsis/Echinopsis oxygona/IMG_6918.JPG,web,echinopsis,oxygona,,multi_plant
data/Cactus_2/Echinopsis/Echinopsis oxygona/IMG_6919.JPG,web,echinopsis,oxygona,,multi_plant
data/Cactus_2/Echinopsis/Echinopsis oxygona/IMG_6921.JPG,web,echinopsis,oxygona,,ok
data/Cactus_2/Echinopsis/Echinopsis oxygona/IMG_6922.JPG,web,echinopsis,oxygona,,ok
data/Cactus_2/Echinopsis/Echinopsis oxygona/IMG_6923.JPG,web,echinopsis,oxygona,,multi_plant
data/Cactus_2/Echinopsis/ถั่วลิสง/IMG_6852.PNG,web,echinopsis,chamaecereus,,ok
data/Cactus_2/Echinopsis/ถั่วลิสง/IMG_6853.PNG,web,echinopsis,chamaecereus,,ok
data/Cactus_2/Echinopsis/ถั่วลิสง/IMG_6854.PNG,web,echinopsis,chamaecereus,,ok
data/Cactus_2/Echinopsis/ถั่วลิสง/IMG_6855.PNG,web,echinopsis,chamaecereus,,ok
data/Cactus_2/Echinopsis/ถั่วลิสง/IMG_6856.PNG,web,echinopsis,chamaecereus,,ok
data/Cactus_2/Echinopsis/ถั่วลิสง/IMG_6857.JPG,web,echinopsis,chamaecereus,,ok
data/Cactus_2/Echinopsis/ถั่วลิสง/IMG_6858.JPG,web,echinopsis,chamaecereus,,ok
data/Cactus_2/Echinopsis/ถั่วลิสง/IMG_6859.JPG,web,echinopsis,chamaecereus,,ok
data/Cactus_2/Echinopsis/ถั่วลิสง/IMG_6860.JPG,web,echinopsis,chamaecereus,,ok
data/Cactus_2/Echinopsis/ถั่วลิสง/IMG_6862.PNG,web,echinopsis,chamaecereus,,ok
data/Cactus_2/Echinopsis/ถั่วลิสง/IMG_6863.PNG,web,echinopsis,chamaecereus,,ok
data/Cactus_2/Echinopsis/ถั่วลิสง/IMG_6864.PNG,web,echinopsis,chamaecereus,,ok
data/Cactus_2/Echinopsis/ถั่วลิสง/IMG_6865.JPG,web,echinopsis,chamaecereus,,ok
data/Cactus_2/Echinopsis/ถั่วลิสง/IMG_6866.JPG,web,echinopsis,chamaecereus,,multi_plant
data/Cactus_2/Echinopsis/ถั่วลิสง/IMG_6867.JPG,web,echinopsis,chamaecereus,,ok
data/Cactus_2/Echinopsis/ถั่วลิสง/IMG_6868.JPG,web,echinopsis,chamaecereus,,wrong_label
data/Cactus_2/Echinopsis/ถั่วลิสง/IMG_6869.PNG,web,echinopsis,chamaecereus,,ok
data/Cactus_2/Echinopsis/ถั่วลิสง/IMG_6870.JPG,web,echinopsis,chamaecereus,,ok
data/Cactus_2/Echinopsis/ถั่วลิสง/IMG_6871.JPG,web,echinopsis,chamaecereus,,ok
data/Cactus_2/Echinopsis/ถั่วลิสง/IMG_6872.JPG,web,echinopsis,chamaecereus,,ok
data/Cactus_2/Echinopsis/ถั่วลิสง/IMG_6873.JPG,web,echinopsis,chamaecereus,,ok
data/Cactus_2/Echinopsis/ถั่วลิสง/IMG_6874.JPG,web,echinopsis,chamaecereus,,ok
data/Cactus_2/Echinopsis/ถั่วลิสง/IMG_6875.JPG,web,echinopsis,chamaecereus,,ok
data/Cactus_2/Echinopsis/ถั่วลิสง/IMG_6876.JPG,web,echinopsis,chamaecereus,,ok
data/Cactus_2/Echinopsis/ถั่วลิสง/IMG_6877.JPG,web,echinopsis,chamaecereus,,ok
data/Cactus_2/Echinopsis/ถั่วลิสง/IMG_6878.JPG,web,echinopsis,chamaecereus,,ok
data/Cactus_2/Echinopsis/ถั่วลิสง/IMG_6880.JPG,web,echinopsis,chamaecereus,,ok
data/Cactus_2/Echinopsis/ถั่วลิสง/IMG_6881.JPG,web,echinopsis,chamaecereus,,ok
data/Cactus_2/Echinopsis/ถั่วลิสง/IMG_6882.JPG,web,echinopsis,chamaecereus,,ok
data/Cactus_2/Echinopsis/ถั่วลิสง/IMG_6883.JPG,web,echinopsis,chamaecereus,,ok
data/Cactus_2/Echinopsis/ถั่วลิสง/IMG_6884.JPG,web,echinopsis,chamaecereus,,ok
data/Cactus_2/Echinopsis/ถั่วลิสง/IMG_6885.JPG,web,echinopsis,chamaecereus,,wrong_label
data/Cactus_2/Echinopsis/ถั่วลิสง/IMG_6886.JPG,web,echinopsis,chamaecereus,,multi_plant
data/Cactus_2/Echinopsis/ถั่วลิสง/IMG_6887.JPG,web,echinopsis,chamaecereus,,multi_plant
data/Cactus_2/Echinopsis/ถั่วลิสง/IMG_6888.JPG,web,echinopsis,chamaecereus,,ok
data/Cactus_2/Echinopsis/ถั่วลิสง/IMG_6889.JPG,web,echinopsis,chamaecereus,,ok
"data/Cactus_2/Gymnocalycium/ด่าง,หัวสี/IMG_7095(1).PNG",web,gymnocalycium,variegated,,ok
"data/Cactus_2/Gymnocalycium/ด่าง,หัวสี/IMG_7096(1).PNG",web,gymnocalycium,variegated,,ok
"data/Cactus_2/Gymnocalycium/ด่าง,หัวสี/IMG_7097(1).PNG",web,gymnocalycium,,,multi_plant
"data/Cactus_2/Gymnocalycium/ด่าง,หัวสี/IMG_7098(1).PNG",web,gymnocalycium,variegated,,ok
"data/Cactus_2/Gymnocalycium/ด่าง,หัวสี/IMG_7099(1).PNG",web,gymnocalycium,variegated,,ok
"data/Cactus_2/Gymnocalycium/ด่าง,หัวสี/IMG_7100(1).PNG",web,gymnocalycium,,,multi_plant
"data/Cactus_2/Gymnocalycium/ด่าง,หัวสี/IMG_7101(1).JPG",web,gymnocalycium,variegated,,ok
"data/Cactus_2/Gymnocalycium/ด่าง,หัวสี/IMG_7102(1).JPG",web,gymnocalycium,variegated,,ok
"data/Cactus_2/Gymnocalycium/ด่าง,หัวสี/IMG_7103(1).JPG",web,gymnocalycium,,,multi_plant
"data/Cactus_2/Gymnocalycium/ด่าง,หัวสี/IMG_7104(1).JPG",web,gymnocalycium,variegated,,ok
"data/Cactus_2/Gymnocalycium/ด่าง,หัวสี/IMG_7105(1).JPG",web,gymnocalycium,variegated,,ok
"data/Cactus_2/Gymnocalycium/ด่าง,หัวสี/IMG_7106(1).JPG",web,gymnocalycium,,,multi_plant
"data/Cactus_2/Gymnocalycium/ด่าง,หัวสี/IMG_7107(1).JPG",web,gymnocalycium,,,multi_plant
"data/Cactus_2/Gymnocalycium/ด่าง,หัวสี/IMG_7108(1).JPG",web,gymnocalycium,variegated,,ok
"data/Cactus_2/Gymnocalycium/ด่าง,หัวสี/IMG_7109(1).JPG",web,gymnocalycium,colored,,ok
"data/Cactus_2/Gymnocalycium/ด่าง,หัวสี/IMG_7110(1).JPG",web,gymnocalycium,variegated,,ok
"data/Cactus_2/Gymnocalycium/ด่าง,หัวสี/IMG_7111(1).JPG",web,gymnocalycium,variegated,,ok
"data/Cactus_2/Gymnocalycium/ด่าง,หัวสี/IMG_7112(1).JPG",web,gymnocalycium,variegated,,ok
"data/Cactus_2/Gymnocalycium/ด่าง,หัวสี/IMG_7113(1).JPG",web,gymnocalycium,,,multi_plant
"data/Cactus_2/Gymnocalycium/ด่าง,หัวสี/IMG_7114(1).JPG",web,gymnocalycium,variegated,,ok
"data/Cactus_2/Gymnocalycium/ด่าง,หัวสี/IMG_7115(1).JPG",web,gymnocalycium,variegated,,ok
"data/Cactus_2/Gymnocalycium/ด่าง,หัวสี/IMG_7116(1).JPG",web,gymnocalycium,colored,,ok
"data/Cactus_2/Gymnocalycium/ด่าง,หัวสี/IMG_7117(1).JPG",web,gymnocalycium,,,multi_plant
"data/Cactus_2/Gymnocalycium/ด่าง,หัวสี/IMG_7118(1).JPG",web,gymnocalycium,variegated,,ok
"data/Cactus_2/Gymnocalycium/ด่าง,หัวสี/IMG_7119(1).JPG",web,gymnocalycium,variegated,,ok
"data/Cactus_2/Gymnocalycium/ด่าง,หัวสี/IMG_7120(1).JPG",web,gymnocalycium,variegated,,ok
"data/Cactus_2/Gymnocalycium/ด่าง,หัวสี/IMG_7121(1).JPG",web,gymnocalycium,variegated,,ok
"data/Cactus_2/Gymnocalycium/ด่าง,หัวสี/IMG_7122(1).JPG",web,gymnocalycium,variegated,,ok
"data/Cactus_2/Gymnocalycium/ด่าง,หัวสี/IMG_7123(1).JPG",web,gymnocalycium,variegated,,ok
"data/Cactus_2/Gymnocalycium/ด่าง,หัวสี/IMG_7124(1).JPG",web,gymnocalycium,,,ok
"data/Cactus_2/Gymnocalycium/ด่าง,หัวสี/IMG_7125(1).JPG",web,gymnocalycium,variegated,,ok
"data/Cactus_2/Gymnocalycium/ด่าง,หัวสี/IMG_7126(1).JPG",web,gymnocalycium,variegated,,ok
"data/Cactus_2/Gymnocalycium/ด่าง,หัวสี/IMG_7127(1).JPG",web,gymnocalycium,variegated,,ok
"data/Cactus_2/Gymnocalycium/ด่าง,หัวสี/IMG_7128(1).JPG",web,gymnocalycium,variegated,,ok
"data/Cactus_2/Gymnocalycium/ด่าง,หัวสี/IMG_7130(1).JPG",web,gymnocalycium,variegated,,ok
"data/Cactus_2/Gymnocalycium/ด่าง,หัวสี/IMG_7131.JPG",web,gymnocalycium,,,ok
"data/Cactus_2/Gymnocalycium/ด่าง,หัวสี/IMG_7132.JPG",web,gymnocalycium,,,multi_plant
"data/Cactus_2/Gymnocalycium/ด่าง,หัวสี/IMG_7133.JPG",web,gymnocalycium,,,multi_plant
"data/Cactus_2/Gymnocalycium/ด่าง,หัวสี/IMG_7135.JPG",web,gymnocalycium,variegated,,ok
"data/Cactus_2/Gymnocalycium/ด่าง,หัวสี/IMG_7136.JPG",web,gymnocalycium,variegated,,ok
"data/Cactus_2/Gymnocalycium/ด่าง,หัวสี/IMG_7137.JPG",web,gymnocalycium,variegated,,ok
"data/Cactus_2/Gymnocalycium/ด่าง,หัวสี/IMG_7138.JPG",web,gymnocalycium,variegated,,ok
"data/Cactus_2/Gymnocalycium/ด่าง,หัวสี/IMG_7140.JPG",web,gymnocalycium,,,multi_plant
"data/Cactus_2/Gymnocalycium/ด่าง,หัวสี/IMG_7141.JPG",web,gymnocalycium,,,multi_plant
"data/Cactus_2/Gymnocalycium/ด่าง,หัวสี/IMG_7142.JPG",web,gymnocalycium,variegated,,ok
"data/Cactus_2/Gymnocalycium/ด่าง,หัวสี/IMG_7144.JPG",web,gymnocalycium,,,multi_plant
"data/Cactus_2/Gymnocalycium/ด่าง,หัวสี/IMG_7145.JPG",web,gymnocalycium,variegated,,ok
data/Cactus_2/Gymnocalycium/ปกติ/IMG_6925(1).PNG,web,gymnocalycium,normal,,ok
data/Cactus_2/Gymnocalycium/ปกติ/IMG_6926(1).JPG,web,gymnocalycium,normal,,ok
data/Cactus_2/Gymnocalycium/ปกติ/IMG_6927(1).JPG,web,gymnocalycium,normal,,ok
data/Cactus_2/Gymnocalycium/ปกติ/IMG_6928(1).JPG,web,gymnocalycium,normal,,ok
data/Cactus_2/Gymnocalycium/ปกติ/IMG_6929(1).PNG,web,gymnocalycium,normal,,ok
data/Cactus_2/Gymnocalycium/ปกติ/IMG_6930(1).PNG,web,gymnocalycium,normal,,ok
data/Cactus_2/Gymnocalycium/ปกติ/IMG_6931(1).PNG,web,gymnocalycium,normal,,multi_plant
data/Cactus_2/Gymnocalycium/ปกติ/IMG_6932(1).PNG,web,gymnocalycium,normal,,ok
data/Cactus_2/Gymnocalycium/ปกติ/IMG_6933(1).PNG,web,gymnocalycium,normal,,ok
data/Cactus_2/Gymnocalycium/ปกติ/IMG_6934(1).JPG,web,gymnocalycium,normal,,ok
data/Cactus_2/Gymnocalycium/ปกติ/IMG_6935(1).JPG,web,gymnocalycium,normal,,ok
data/Cactus_2/Gymnocalycium/ปกติ/IMG_6936(1).JPG,web,gymnocalycium,normal,,multi_plant
data/Cactus_2/Gymnocalycium/ปกติ/IMG_6937(1).JPG,web,gymnocalycium,normal,,ok
data/Cactus_2/Gymnocalycium/ปกติ/IMG_6938(1).JPG,web,gymnocalycium,normal,,ok
data/Cactus_2/Gymnocalycium/ปกติ/IMG_6939(1).JPG,web,gymnocalycium,normal,,multi_plant
data/Cactus_2/Gymnocalycium/ปกติ/IMG_6940(1).JPG,web,gymnocalycium,normal,,ok
data/Cactus_2/Gymnocalycium/ปกติ/IMG_6941(1).JPG,web,gymnocalycium,normal,,ok
data/Cactus_2/Gymnocalycium/ปกติ/IMG_6942(1).JPG,web,gymnocalycium,normal,,ok
data/Cactus_2/Gymnocalycium/ปกติ/IMG_6944(1).JPG,web,gymnocalycium,normal,,ok
data/Cactus_2/Gymnocalycium/ปกติ/IMG_6945(1).JPG,web,gymnocalycium,normal,,ok
data/Cactus_2/Gymnocalycium/ปกติ/IMG_6946(1).JPG,web,gymnocalycium,normal,,ok
data/Cactus_2/Gymnocalycium/ปกติ/IMG_6947(1).JPG,web,gymnocalycium,normal,,ok
data/Cactus_2/Gymnocalycium/ปกติ/IMG_6948(1).JPG,web,gymnocalycium,normal,,ok
data/Cactus_2/Gymnocalycium/ปกติ/IMG_6949(1).JPG,web,gymnocalycium,normal,,ok
data/Cactus_2/Gymnocalycium/ปกติ/IMG_6950(1).JPG,web,gymnocalycium,normal,,ok
data/Cactus_2/Gymnocalycium/ปกติ/IMG_6951(1).JPG,web,gymnocalycium,normal,,ok
data/Cactus_2/Gymnocalycium/ปกติ/IMG_6952(1).JPG,web,gymnocalycium,normal,,ok
data/Cactus_2/Gymnocalycium/ปกติ/IMG_6953.JPG,web,gymnocalycium,normal,,ok
data/Cactus_2/Gymnocalycium/ปกติ/IMG_6954.JPG,web,gymnocalycium,normal,,ok
data/Cactus_2/Gymnocalycium/ปกติ/IMG_6955.JPG,web,gymnocalycium,normal,,ok
data/Cactus_2/Gymnocalycium/ปกติ/IMG_6956.JPG,web,gymnocalycium,normal,,multi_plant
data/Cactus_2/Gymnocalycium/ปกติ/IMG_6957.JPG,web,gymnocalycium,normal,,multi_plant
data/Cactus_2/Gymnocalycium/ปกติ/IMG_6959.JPG,web,gymnocalycium,normal,,ok
data/Cactus_2/Mammillaria/Mammillaria elongata — แมมขนแมว - ก้างปลา/IMG_7213.PNG,web,mammillaria,elongata,,ok
data/Cactus_2/Mammillaria/Mammillaria elongata — แมมขนแมว - ก้างปลา/IMG_7214.JPG,web,mammillaria,elongata,,ok
data/Cactus_2/Mammillaria/Mammillaria elongata — แมมขนแมว - ก้างปลา/IMG_7215.AVIF,web,mammillaria,elongata,,ok
data/Cactus_2/Mammillaria/Mammillaria elongata — แมมขนแมว - ก้างปลา/IMG_7216.AVIF,web,mammillaria,elongata,,ok
data/Cactus_2/Mammillaria/Mammillaria elongata — แมมขนแมว - ก้างปลา/IMG_7217.JPG,web,mammillaria,,,ok
data/Cactus_2/Mammillaria/Mammillaria elongata — แมมขนแมว - ก้างปลา/IMG_7218.PNG,web,mammillaria,elongata,,ok
data/Cactus_2/Mammillaria/Mammillaria elongata — แมมขนแมว - ก้างปลา/IMG_7219.PNG,web,mammillaria,elongata,,ok
data/Cactus_2/Mammillaria/Mammillaria elongata — แมมขนแมว - ก้างปลา/IMG_7220.PNG,web,mammillaria,elongata,,ok
data/Cactus_2/Mammillaria/Mammillaria elongata — แมมขนแมว - ก้างปลา/IMG_7221.PNG,web,mammillaria,elongata,,ok
data/Cactus_2/Mammillaria/Mammillaria elongata — แมมขนแมว - ก้างปลา/IMG_7222.PNG,web,mammillaria,elongata,,ok
data/Cactus_2/Mammillaria/Mammillaria elongata — แมมขนแมว - ก้างปลา/IMG_7223.JPG,web,mammillaria,elongata,,ok
data/Cactus_2/Mammillaria/Mammillaria elongata — แมมขนแมว - ก้างปลา/IMG_7224.JPG,web,mammillaria,elongata,,ok
data/Cactus_2/Mammillaria/Mammillaria elongata — แมมขนแมว - ก้างปลา/IMG_7225.JPG,web,mammillaria,elongata,,ok
data/Cactus_2/Mammillaria/Mammillaria elongata — แมมขนแมว - ก้างปลา/IMG_7226.JPG,web,mammillaria,elongata,,ok
data/Cactus_2/Mammillaria/Mammillaria elongata — แมมขนแมว - ก้างปลา/IMG_7227.JPG,web,mammillaria,elongata,,ok
data/Cactus_2/Mammillaria/Mammillaria elongata — แมมขนแมว - ก้างปลา/IMG_7228.JPG,web,mammillaria,elongata,,ok
data/Cactus_2/Mammillaria/Mammillaria elongata — แมมขนแมว - ก้างปลา/IMG_7229.JPG,web,mammillaria,elongata,,ok
data/Cactus_2/Mammillaria/Mammillaria elongata — แมมขนแมว - ก้างปลา/IMG_7230.JPG,web,mammillaria,elongata,,ok
data/Cactus_2/Mammillaria/Mammillaria elongata — แมมขนแมว - ก้างปลา/IMG_7231.JPG,web,mammillaria,elongata,,ok
data/Cactus_2/Mammillaria/Mammillaria elongata — แมมขนแมว - ก้างปลา/IMG_7232(1).JPG,web,mammillaria,elongata,,ok
data/Cactus_2/Mammillaria/Mammillaria elongata — แมมขนแมว - ก้างปลา/IMG_7233.JPG,web,mammillaria,elongata,,ok
data/Cactus_2/Mammillaria/Mammillaria elongata — แมมขนแมว - ก้างปลา/IMG_7234.JPG,web,mammillaria,elongata,,ok
data/Cactus_2/Mammillaria/Mammillaria elongata — แมมขนแมว - ก้างปลา/IMG_7235.JPG,web,mammillaria,elongata,,ok
data/Cactus_2/Mammillaria/Mammillaria elongata — แมมขนแมว - ก้างปลา/IMG_7236.JPG,web,mammillaria,elongata,,ok
data/Cactus_2/Mammillaria/Mammillaria elongata — แมมขนแมว - ก้างปลา/IMG_7237.JPG,web,mammillaria,elongata,,ok
data/Cactus_2/Mammillaria/Mammillaria elongata — แมมขนแมว - ก้างปลา/IMG_7238.JPG,web,mammillaria,elongata,,ok
data/Cactus_2/Mammillaria/Mammillaria elongata — แมมขนแมว - ก้างปลา/IMG_7239.JPG,web,mammillaria,elongata,,ok
data/Cactus_2/Mammillaria/Mammillaria elongata — แมมขนแมว - ก้างปลา/IMG_7240.JPG,web,mammillaria,elongata,,ok
data/Cactus_2/Mammillaria/Mammillaria elongata — แมมขนแมว - ก้างปลา/IMG_7241.JPG,web,mammillaria,elongata,,multi_plant
data/Cactus_2/Mammillaria/Mammillaria elongata — แมมขนแมว - ก้างปลา/IMG_7242.JPG,web,mammillaria,elongata,,ok
data/Cactus_2/Mammillaria/Mammillaria elongata — แมมขนแมว - ก้างปลา/IMG_7244.JPG,web,mammillaria,elongata,,ok
data/Cactus_2/Mammillaria/Mammillaria elongata — แมมขนแมว - ก้างปลา/IMG_7245.JPG,web,mammillaria,elongata,,ok
data/Cactus_2/Mammillaria/Mammillaria elongata — แมมขนแมว - ก้างปลา/IMG_7246.JPG,web,mammillaria,elongata,,ok
data/Cactus_2/Mammillaria/Mammillaria elongata — แมมขนแมว - ก้างปลา/IMG_7247.JPG,web,mammillaria,elongata,,ok
data/Cactus_2/Mammillaria/Mammillaria elongata — แมมขนแมว - ก้างปลา/IMG_7248.JPG,web,mammillaria,elongata,,ok
data/Cactus_2/Mammillaria/Mammillaria elongata — แมมขนแมว - ก้างปลา/IMG_7249.JPG,web,mammillaria,elongata,,ok
data/Cactus_2/Mammillaria/Mammillaria elongata — แมมขนแมว - ก้างปลา/IMG_7250.JPG,web,mammillaria,elongata,,ok
data/Cactus_2/Mammillaria/Mammillaria elongata — แมมขนแมว - ก้างปลา/IMG_7251.JPG,web,mammillaria,elongata,,ok
data/Cactus_2/Mammillaria/Mammillaria elongata — แมมขนแมว - ก้างปลา/IMG_7252.JPG,web,mammillaria,elongata,,ok
data/Cactus_2/Mammillaria/Mammillaria elongata — แมมขนแมว - ก้างปลา/IMG_7253.JPG,web,mammillaria,elongata,,ok
data/Cactus_2/Mammillaria/Mammillaria elongata — แมมขนแมว - ก้างปลา/IMG_7254.JPG,web,mammillaria,elongata,,ok
data/Cactus_2/Mammillaria/Mammillaria elongata — แมมขนแมว - ก้างปลา/IMG_7255.JPG,web,mammillaria,elongata,,ok
data/Cactus_2/Mammillaria/Mammillaria elongata — แมมขนแมว - ก้างปลา/IMG_7256.JPG,web,mammillaria,elongata,,multi_plant
data/Cactus_2/Mammillaria/Mammillaria elongata — แมมขนแมว - ก้างปลา/IMG_7257.JPG,web,mammillaria,elongata,,ok
data/Cactus_2/Mammillaria/Mammillaria plumosa — แมมขนนก/IMG_7258.PNG,web,mammillaria,plumosa,,ok
data/Cactus_2/Mammillaria/Mammillaria plumosa — แมมขนนก/IMG_7259.PNG,web,mammillaria,plumosa,,ok
data/Cactus_2/Mammillaria/Mammillaria plumosa — แมมขนนก/IMG_7260.PNG,web,mammillaria,plumosa,,ok
data/Cactus_2/Mammillaria/Mammillaria plumosa — แมมขนนก/IMG_7261.PNG,web,mammillaria,plumosa,,ok
data/Cactus_2/Mammillaria/Mammillaria plumosa — แมมขนนก/IMG_7262.PNG,web,mammillaria,plumosa,,ok
data/Cactus_2/Mammillaria/Mammillaria plumosa — แมมขนนก/IMG_7263.PNG,web,mammillaria,plumosa,,ok
data/Cactus_2/Mammillaria/Mammillaria plumosa — แมมขนนก/IMG_7264.JPG,web,mammillaria,plumosa,,ok
data/Cactus_2/Mammillaria/Mammillaria plumosa — แมมขนนก/IMG_7265.JPG,web,mammillaria,plumosa,,ok
data/Cactus_2/Mammillaria/Mammillaria plumosa — แมมขนนก/IMG_7267.PNG,web,mammillaria,plumosa,,ok
data/Cactus_2/Mammillaria/Mammillaria plumosa — แมมขนนก/IMG_7268.PNG,web,mammillaria,plumosa,,ok
data/Cactus_2/Mammillaria/Mammillaria plumosa — แมมขนนก/IMG_7269.PNG,web,mammillaria,plumosa,,ok
data/Cactus_2/Mammillaria/Mammillaria plumosa — แมมขนนก/IMG_7270.JPG,web,mammillaria,plumosa,,ok
data/Cactus_2/Mammillaria/Mammillaria plumosa — แมมขนนก/IMG_7271.JPG,web,mammillaria,plumosa,,ok
data/Cactus_2/Mammillaria/Mammillaria plumosa — แมมขนนก/IMG_7272.JPG,web,mammillaria,plumosa,,ok
data/Cactus_2/Mammillaria/Mammillaria plumosa — แมมขนนก/IMG_7273.JPG,web,mammillaria,plumosa,,ok
data/Cactus_2/Mammillaria/Mammillaria plumosa — แมมขนนก/IMG_7274.JPG,web,mammillaria,plumosa,,ok
data/Cactus_2/Mammillaria/Mammillaria plumosa — แมมขนนก/IMG_7275.JPG,web,mammillaria,plumosa,,wrong_label
data/Cactus_2/Mammillaria/Mammillaria plumosa — แมมขนนก/IMG_7276.JPG,web,mammillaria,plumosa,,ok
data/Cactus_2/Mammillaria/Mammillaria plumosa — แมมขนนก/IMG_7277.JPG,web,mammillaria,plumosa,,ok
data/Cactus_2/Mammillaria/Mammillaria plumosa — แมมขนนก/IMG_7278.JPG,web,mammillaria,plumosa,,ok
data/Cactus_2/Mammillaria/Mammillaria plumosa — แมมขนนก/IMG_7279.JPG,web,mammillaria,plumosa,,ok
data/Cactus_2/Mammillaria/Mammillaria plumosa — แมมขนนก/IMG_7280.JPG,web,mammillaria,plumosa,,ok
data/Cactus_2/Mammillaria/Mammillaria plumosa — แมมขนนก/IMG_7281.JPG,web,mammillaria,plumosa,,ok
data/Cactus_2/Mammillaria/Mammillaria plumosa — แมมขนนก/IMG_7282.JPG,web,mammillaria,plumosa,,ok
data/Cactus_2/Mammillaria/Mammillaria plumosa — แมมขนนก/IMG_7283.JPG,web,mammillaria,plumosa,,ok
data/Cactus_2/Mammillaria/Mammillaria plumosa — แมมขนนก/IMG_7284.JPG,web,mammillaria,plumosa,,ok
data/Cactus_2/Mammillaria/Mammillaria plumosa — แมมขนนก/IMG_7285.JPG,web,mammillaria,plumosa,,ok
data/Cactus_2/Mammillaria/Mammillaria plumosa — แมมขนนก/IMG_7286.JPG,web,mammillaria,plumosa,,ok
data/Cactus_2/Mammillaria/Mammillaria plumosa — แมมขนนก/IMG_7287.JPG,web,mammillaria,plumosa,,ok
data/Cactus_2/Mammillaria/Mammillaria plumosa — แมมขนนก/IMG_7288.JPG,web,mammillaria,plumosa,,ok
data/Cactus_2/Mammillaria/Mammillaria plumosa — แมมขนนก/IMG_7289.JPG,web,mammillaria,plumosa,,ok
data/Cactus_2/Mammillaria/Mammillaria plumosa — แมมขนนก/IMG_7290.JPG,web,mammillaria,plumosa,,multi_plant
data/Cactus_2/Mammillaria/Mammillaria plumosa — แมมขนนก/IMG_7291.JPG,web,mammillaria,plumosa,,multi_plant
data/Cactus_2/Mammillaria/Mammillaria plumosa — แมมขนนก/IMG_7292.JPG,web,mammillaria,plumosa,,ok
data/Cactus_2/Mammillaria/Mammillaria plumosa — แมมขนนก/IMG_7293.JPG,web,mammillaria,plumosa,,multi_plant
data/Cactus_2/Mammillaria/Mammillaria plumosa — แมมขนนก/IMG_7294.JPG,web,mammillaria,plumosa,,ok
data/Cactus_2/Mammillaria/Mammillaria plumosa — แมมขนนก/IMG_7295.JPG,web,mammillaria,plumosa,,ok
data/Cactus_2/Mammillaria/Mammillaria plumosa — แมมขนนก/IMG_7296.JPG,web,mammillaria,plumosa,,ok
data/Cactus_2/Mammillaria/Mammillaria plumosa — แมมขนนก/IMG_7297.JPG,web,mammillaria,plumosa,,ok
data/Cactus_2/Mammillaria/Mammillaria plumosa — แมมขนนก/IMG_7298.JPG,web,mammillaria,plumosa,,ok
data/Cactus_2/Mammillaria/Mammillaria plumosa — แมมขนนก/IMG_7299.JPG,web,mammillaria,plumosa,,ok
data/Cactus_2/Mammillaria/Mammillaria plumosa — แมมขนนก/IMG_7300.JPG,web,mammillaria,plumosa,,ok
data/Cactus_2/Mammillaria/Mammillaria plumosa — แมมขนนก/IMG_7302.JPG,web,mammillaria,plumosa,,ok
data/Cactus_2/Mammillaria/Mammillaria plumosa — แมมขนนก/IMG_7303.JPG,web,mammillaria,plumosa,,ok
data/Cactus_2/Mammillaria/Mammillaria plumosa — แมมขนนก/IMG_7304.JPG,web,mammillaria,plumosa,,ok
data/Cactus_2/Mammillaria/Mammillaria plumosa — แมมขนนก/IMG_7305.JPG,web,mammillaria,plumosa,,ok
data/Cactus_2/Mammillaria/Mammillaria plumosa — แมมขนนก/IMG_7306.JPG,web,mammillaria,plumosa,,ok
data/Cactus_2/Mammillaria/Mammillaria plumosa — แมมขนนก/IMG_7307.JPG,web,mammillaria,plumosa,,ok
data/Cactus_2/Mammillaria/Mammillaria plumosa — แมมขนนก/IMG_7308.JPG,web,mammillaria,plumosa,,multi_plant
data/Cactus_2/Mammillaria/Mammillaria plumosa — แมมขนนก/IMG_7309.JPG,web,mammillaria,plumosa,,ok
data/Cactus_2/Mammillaria/Mammillaria plumosa — แมมขนนก/IMG_7310.JPG,web,mammillaria,plumosa,,ok
data/Cactus_2/Mammillaria/Mammillaria plumosa — แมมขนนก/IMG_7311.JPG,web,mammillaria,plumosa,,ok
data/Cactus_2/Mammillaria/Mammillaria plumosa — แมมขนนก/IMG_7312.JPG,web,mammillaria,plumosa,,ok
data/Cactus_2/Mammillaria/Mammillaria plumosa — แมมขนนก/IMG_7313.JPG,web,mammillaria,plumosa,,ok
data/Cactus_2/Mammillaria/Mammillaria plumosa — แมมขนนก/IMG_7314.JPG,web,mammillaria,plumosa,,ok
data/Cactus_2/Mammillaria/Mammillaria plumosa — แมมขนนก/IMG_7315.JPG,web,mammillaria,plumosa,,ok
data/Cactus_2/Mammillaria/Mammillaria plumosa — แมมขนนก/IMG_7316.JPG,web,mammillaria,plumosa,,ok
data/Cactus_2/Mammillaria/Mammillaria plumosa — แมมขนนก/IMG_7317.JPG,web,mammillaria,plumosa,,ok
data/Cactus_2/Mammillaria/Mammillaria plumosa — แมมขนนก/IMG_7318.JPG,web,mammillaria,plumosa,,ok
data/Cactus_2/Mammillaria/Mammillaria plumosa — แมมขนนก/IMG_7319.JPG,web,mammillaria,plumosa,,ok
data/Cactus_2/Mammillaria/Mammillaria plumosa — แมมขนนก/IMG_7320.JPG,web,mammillaria,plumosa,,multi_plant
data/Cactus_2/Mammillaria/Mammillaria plumosa — แมมขนนก/IMG_7321.JPG,web,mammillaria,plumosa,,ok
data/Cactus_2/Mammillaria/Mammillaria plumosa — แมมขนนก/IMG_7322.JPG,web,mammillaria,plumosa,,wrong_label
data/Cactus_2/Mammillaria/Mammillaria plumosa — แมมขนนก/IMG_7323.JPG,web,mammillaria,plumosa,,multi_plant
data/Cactus_2/Mammillaria/Mammillaria prolifera/IMG_7324.PNG,web,mammillaria,prolifera,,ok
data/Cactus_2/Mammillaria/Mammillaria prolifera/IMG_7325.PNG,web,mammillaria,prolifera,,wrong_label
data/Cactus_2/Mammillaria/Mammillaria prolifera/IMG_7326.JPG,web,mammillaria,prolifera,,ok
data/Cactus_2/Mammillaria/Mammillaria prolifera/IMG_7327.JPG,web,mammillaria,prolifera,,ok
data/Cactus_2/Mammillaria/Mammillaria prolifera/IMG_7328.WEBP,web,mammillaria,prolifera,,ok
data/Cactus_2/Mammillaria/Mammillaria prolifera/IMG_7329.WEBP,web,mammillaria,prolifera,,ok
data/Cactus_2/Mammillaria/Mammillaria prolifera/IMG_7330.WEBP,web,mammillaria,prolifera,,ok
data/Cactus_2/Mammillaria/Mammillaria prolifera/IMG_7331.AVIF,web,mammillaria,prolifera,,ok
data/Cactus_2/Mammillaria/Mammillaria prolifera/IMG_7332.AVIF,web,mammillaria,prolifera,,ok
data/Cactus_2/Mammillaria/Mammillaria prolifera/IMG_7333.JPG,web,mammillaria,,,ok
data/Cactus_2/Mammillaria/Mammillaria prolifera/IMG_7334.JPG,web,mammillaria,,,ok
data/Cactus_2/Mammillaria/Mammillaria prolifera/IMG_7335.JPG,web,mammillaria,,,ok
data/Cactus_2/Mammillaria/Mammillaria prolifera/IMG_7336.JPG,web,mammillaria,,,ok
data/Cactus_2/Mammillaria/Mammillaria prolifera/IMG_7337.JPG,web,mammillaria,,,ok
data/Cactus_2/Mammillaria/Mammillaria prolifera/IMG_7338.PNG,web,mammillaria,prolifera,,ok
data/Cactus_2/Mammillaria/Mammillaria prolifera/IMG_7339.JPG,web,mammillaria,prolifera,,ok
data/Cactus_2/Mammillaria/Mammillaria prolifera/IMG_7340.JPG,web,mammillaria,prolifera,,ok
data/Cactus_2/Mammillaria/Mammillaria prolifera/IMG_7341.JPG,web,mammillaria,prolifera,,ok
data/Cactus_2/Mammillaria/Mammillaria prolifera/IMG_7342.JPG,web,mammillaria,prolifera,,ok
data/Cactus_2/Mammillaria/Mammillaria prolifera/IMG_7343.JPG,web,mammillaria,prolifera,,ok
data/Cactus_2/Mammillaria/Mammillaria prolifera/IMG_7344.JPG,web,mammillaria,prolifera,,ok
data/Cactus_2/Mammillaria/Mammillaria prolifera/IMG_7345.JPG,web,mammillaria,prolifera,,ok
data/Cactus_2/Mammillaria/Mammillaria prolifera/IMG_7346.JPG,web,mammillaria,prolifera,,ok
data/Cactus_2/Mammillaria/Mammillaria prolifera/IMG_7347.JPG,web,mammillaria,prolifera,,ok
data/Cactus_2/Mammillaria/Mammillaria prolifera/IMG_7350.JPG,web,mammillaria,prolifera,,ok
data/Cactus_2/Mammillaria/Mammillaria prolifera/IMG_7351.JPG,web,mammillaria,prolifera,,ok
data/Cactus_2/Mammillaria/Mammillaria prolifera/IMG_7352.JPG,web,mammillaria,prolifera,,ok
data/Cactus_2/Mammillaria/Mammillaria prolifera/IMG_7353.JPG,web,mammillaria,prolifera,,ok
data/Cactus_2/Mammillaria/Mammillaria prolifera/IMG_7354.JPG,web,mammillaria,prolifera,,ok
data/Cactus_2/Mammillaria/Mammillaria prolifera/IMG_7355.JPG,web,mammillaria,prolifera,,ok
data/Cactus_2/Mammillaria/Mammillaria prolifera/IMG_7356.JPG,web,mammillaria,prolifera,,ok
data/Cactus_2/Mammillaria/Mammillaria prolifera/IMG_7357.JPG,web,mammillaria,prolifera,,ok
data/Cactus_2/Mammillaria/Mammillaria prolifera/IMG_7359.JPG,web,mammillaria,prolifera,,ok
data/Cactus_2/Mammillaria/Mammillaria prolifera/IMG_7360.JPG,web,mammillaria,prolifera,,ok
data/Cactus_2/Mammillaria/Mammillaria prolifera/IMG_7361.JPG,web,mammillaria,prolifera,,ok
data/Cactus_2/Mammillaria/Mammillaria prolifera/IMG_7362.JPG,web,mammillaria,prolifera,,ok
data/Cactus_2/Mammillaria/Mammillaria prolifera/IMG_7363.JPG,web,mammillaria,prolifera,,ok
data/Cactus_2/Mammillaria/Mammillaria prolifera/IMG_7364.JPG,web,mammillaria,prolifera,,ok
data/Cactus_2/Mammillaria/Mammillaria prolifera/IMG_7365.JPG,web,mammillaria,prolifera,,ok
data/Cactus_2/Mammillaria/Mammillaria prolifera/IMG_7366.JPG,web,mammillaria,prolifera,,ok
data/Cactus_2/Mammillaria/Mammillaria prolifera/IMG_7367.JPG,web,mammillaria,prolifera,,ok
data/Cactus_2/Mammillaria/Mammillaria prolifera/IMG_7368.JPG,web,mammillaria,prolifera,,ok
data/Cactus_2/Mammillaria/Mammillaria prolifera/IMG_7369.JPG,web,mammillaria,prolifera,,ok
data/Cactus_2/Mammillaria/Mammillaria vetula/IMG_7370.JPG,web,mammillaria,vetula,,ok
data/Cactus_2/Mammillaria/Mammillaria vetula/IMG_7371.JPG,web,mammillaria,vetula,,ok
data/Cactus_2/Mammillaria/Mammillaria vetula/IMG_7372.WEBP,web,mammillaria,vetula,,wrong_label
data/Cactus_2/Mammillaria/Mammillaria vetula/IMG_7373.WEBP,web,mammillaria,vetula,,ok
data/Cactus_2/Mammillaria/Mammillaria vetula/IMG_7374.WEBP,web,mammillaria,vetula,,wrong_label
data/Cactus_2/Mammillaria/Mammillaria vetula/IMG_7375.WEBP,web,mammillaria,vetula,,multi_plant
data/Cactus_2/Mammillaria/Mammillaria vetula/IMG_7376.WEBP,web,mammillaria,vetula,,multi_plant
data/Cactus_2/Mammillaria/Mammillaria vetula/IMG_7377.PNG,web,mammillaria,vetula,,ok
data/Cactus_2/Mammillaria/Mammillaria vetula/IMG_7378.PNG,web,mammillaria,vetula,,ok
data/Cactus_2/Mammillaria/Mammillaria vetula/IMG_7379.JPG,web,mammillaria,vetula,,ok
data/Cactus_2/Mammillaria/Mammillaria vetula/IMG_7380.JPG,web,mammillaria,vetula,,ok
data/Cactus_2/Mammillaria/Mammillaria vetula/IMG_7381(1).JPG,web,mammillaria,vetula,,ok
data/Cactus_2/Mammillaria/Mammillaria vetula/IMG_7382.JPG,web,mammillaria,vetula,,ok
data/Cactus_2/Mammillaria/Mammillaria vetula/IMG_7384(1).JPG,web,mammillaria,vetula,,ok
data/Cactus_2/Mammillaria/Mammillaria vetula/IMG_7385.JPG,web,mammillaria,vetula,,wrong_label
data/Cactus_2/Mammillaria/Mammillaria vetula/IMG_7386.JPG,web,mammillaria,vetula,,ok
data/Cactus_2/Mammillaria/Mammillaria vetula/IMG_7387.JPG,web,mammillaria,vetula,,ok
data/Cactus_2/Mammillaria/Mammillaria vetula/IMG_7388.JPG,web,mammillaria,vetula,,ok
data/Cactus_2/Mammillaria/Mammillaria vetula/IMG_7389.JPG,web,mammillaria,vetula,,wrong_label
data/Cactus_2/Mammillaria/Mammillaria vetula/IMG_7390.JPG,web,mammillaria,vetula,,ok
data/Cactus_2/Mammillaria/Mammillaria vetula/IMG_7391.JPG,web,mammillaria,vetula,,ok
data/Cactus_2/Mammillaria/Mammillaria vetula/IMG_7393.JPG,web,mammillaria,vetula,,ok
data/Cactus_2/Mammillaria/Mammillaria vetula/IMG_7394(1).JPG,web,mammillaria,vetula,,multi_plant
data/Cactus_2/Mammillaria/Mammillaria vetula/IMG_7395.JPG,web,mammillaria,vetula,,ok
data/Cactus_2/Mammillaria/Mammillaria vetula/IMG_7396.JPG,web,mammillaria,vetula,,ok
data/Cactus_2/Mammillaria/Mammillaria vetula/IMG_7397.JPG,web,mammillaria,vetula,,ok
data/Cactus_2/Mammillaria/Mammillaria vetula/IMG_7398.JPG,web,mammillaria,vetula,,ok
data/Cactus_2/Mammillaria/Mammillaria vetula/IMG_7399.JPG,web,mammillaria,vetula,,ok
data/Cactus_2/Mammillaria/Mammillaria vetula/IMG_7400.JPG,web,mammillaria,vetula,,ok
data/Cactus_2/Mammillaria/Mammillaria vetula/IMG_7401.JPG,web,mammillaria,vetula,,ok
data/Cactus_2/Mammillaria/Mammillaria vetula/IMG_7402.JPG,web,mammillaria,vetula,,ok
data/Cactus_2/Mammillaria/Mammillaria vetula/IMG_7403.JPG,web,mammillaria,vetula,,ok
data/Cactus_2/Mammillaria/Mammillaria vetula/IMG_7404.JPG,web,mammillaria,vetula,,ok
data/Cactus_2/Mammillaria/Mammillaria vetula/IMG_7405.JPG,web,mammillaria,vetula,,ok
data/Cactus_2/Mammillaria/Mammillaria vetula/IMG_7406.JPG,web,mammillaria,vetula,,ok
data/Cactus_2/Mammillaria/Mammillaria vetula/IMG_7407.JPG,web,mammillaria,vetula,,ok
data/Cactus_2/Mammillaria/Mammillaria vetula/IMG_7408.JPG,web,mammillaria,vetula,,ok
data/Cactus_2/Mammillaria/Mammillaria vetula/IMG_7410.JPG,web,mammillaria,vetula,,ok
data/Cactus_2/Mammillaria/Mammillaria vetula/IMG_7413.JPG,web,mammillaria,vetula,,ok
data/Cactus_2/Mammillaria/Mammillaria vetula/IMG_7414.JPG,web,mammillaria,vetula,,ok
data/Cactus_2/Mammillaria/Mammillaria vetula/IMG_7415.JPG,web,mammillaria,vetula,,ok
data/Cactus_2/Mammillaria/Mammillaria vetula/IMG_7416.JPG,web,mammillaria,vetula,,ok
data/Cactus_2/Mammillaria/Mammillaria vetula/IMG_7417.JPG,web,mammillaria,vetula,,ok
data/Cactus_2/Mammillaria/Mammillaria vetula/IMG_7418.JPG,web,mammillaria,vetula,,ok
data/Cactus_2/Mammillaria/Mammillaria vetula/IMG_7420.JPG,web,mammillaria,vetula,,ok
data/Cactus_2/Mammillaria/Mammillaria vetula/IMG_7422.JPG,web,mammillaria,vetula,,ok
data/Cactus_2/Mammillaria/Mammillaria vetula/IMG_7423.JPG,web,mammillaria,vetula,,ok
data/Cactus_2/Mammillaria/Mammillaria vetula/IMG_7424.JPG,web,mammillaria,vetula,,multi_plant
data/Cactus_2/Opuntia/IMG_7425.WEBP,web,opuntia,,,ok
data/Cactus_2/Opuntia/IMG_7426.WEBP,web,opuntia,,,ok
data/Cactus_2/Opuntia/IMG_7427.WEBP,web,opuntia,,,ok
data/Cactus_2/Opuntia/IMG_7428.WEBP,web,opuntia,,,ok
data/Cactus_2/Opuntia/IMG_7429.WEBP,web,opuntia,,,ok
data/Cactus_2/Opuntia/IMG_7430.WEBP,web,opuntia,,,ok
data/Cactus_2/Opuntia/IMG_7431.WEBP,web,opuntia,,,ok
data/Cactus_2/Opuntia/IMG_7432.PNG,web,opuntia,,,ok
data/Cactus_2/Opuntia/IMG_7433.JPG,web,opuntia,,,ok
data/Cactus_2/Opuntia/IMG_7434.JPG,web,opuntia,,,ok
data/Cactus_2/Opuntia/IMG_7435.JPG,web,opuntia,,,ok
data/Cactus_2/Opuntia/IMG_7436.JPG,web,opuntia,,,ok
data/Cactus_2/Opuntia/IMG_7437.JPG,web,opuntia,,,ok
data/Cactus_2/Opuntia/IMG_7438.JPG,web,opuntia,,,ok
data/Cactus_2/Opuntia/IMG_7439.JPG,web,opuntia,,,wrong_label
data/Cactus_2/Opuntia/IMG_7440.WEBP,web,opuntia,,,ok
data/Cactus_2/Opuntia/IMG_7441.WEBP,web,opuntia,,,ok
data/Cactus_2/Opuntia/IMG_7442.WEBP,web,opuntia,,,ok
data/Cactus_2/Opuntia/IMG_7443.WEBP,web,opuntia,,,ok
data/Cactus_2/Opuntia/IMG_7444.WEBP,web,opuntia,,,ok
data/Cactus_2/Opuntia/IMG_7445.PNG,web,opuntia,,,ok
data/Cactus_2/Opuntia/IMG_7446(1).JPG,web,opuntia,,,ok
data/Cactus_2/Opuntia/IMG_7447.JPG,web,opuntia,,,ok
data/Cactus_2/Opuntia/IMG_7448.JPG,web,opuntia,,,ok
data/Cactus_2/Opuntia/IMG_7449.JPG,web,opuntia,,,ok
data/Cactus_2/Opuntia/IMG_7450.JPG,web,opuntia,,,wrong_label
data/Cactus_2/Opuntia/IMG_7451.JPG,web,opuntia,,,ok
data/Cactus_2/Opuntia/IMG_7452.JPG,web,opuntia,,,multi_plant
data/Cactus_2/Opuntia/IMG_7453.JPG,web,opuntia,,,ok
data/Cactus_2/Opuntia/IMG_7454.JPG,web,opuntia,,,ok
data/Cactus_2/Opuntia/IMG_7455.JPG,web,opuntia,,,wrong_label
data/Cactus_2/Opuntia/IMG_7456.JPG,web,opuntia,,,wrong_label
data/Cactus_2/Opuntia/IMG_7457.JPG,web,opuntia,,,wrong_label
data/Cactus_2/Opuntia/IMG_7458.JPG,web,opuntia,,,wrong_label
data/Cactus_2/Opuntia/IMG_7460.JPG,web,opuntia,,,wrong_label
data/Cactus_2/Opuntia/IMG_7461.JPG,web,opuntia,,,wrong_label
data/Cactus_2/Opuntia/IMG_7462.JPG,web,opuntia,,,wrong_label
data/Cactus_2/Opuntia/IMG_7463.JPG,web,opuntia,,,wrong_label
data/Cactus_2/Opuntia/IMG_7464.JPG,web,opuntia,,,wrong_label
data/Cactus_2/Opuntia/IMG_7465.JPG,web,opuntia,,,wrong_label
data/Cactus_2/Opuntia/IMG_7466.JPG,web,opuntia,,,wrong_label
data/Cactus_2/Opuntia/IMG_7467.JPG,web,opuntia,,,ok
data/Cactus_2/Opuntia/IMG_7468.JPG,web,opuntia,,,wrong_label
data/Cactus_2/Opuntia/IMG_7469.JPG,web,opuntia,,,ok
data/Cactus_2/Opuntia/IMG_7470.JPG,web,opuntia,,,ok
data/Cactus_2/Opuntia/IMG_7471.JPG,web,opuntia,,,ok
data/Cactus_2/Opuntia/IMG_7473.JPG,web,opuntia,,,wrong_label
data/Cactus_2/Opuntia/IMG_7474.JPG,web,opuntia,,,ok
data/Cactus_2/Opuntia/IMG_7475.JPG,web,opuntia,,,ok
data/Cactus_2/Parodia/Parodia leninghausii/IMG_7476.WEBP,web,parodia,lenninghausii,,ok
data/Cactus_2/Parodia/Parodia leninghausii/IMG_7477.WEBP,web,parodia,lenninghausii,,ok
data/Cactus_2/Parodia/Parodia leninghausii/IMG_7478.PNG,web,parodia,lenninghausii,,ok
data/Cactus_2/Parodia/Parodia leninghausii/IMG_7479.PNG,web,parodia,lenninghausii,,ok
data/Cactus_2/Parodia/Parodia leninghausii/IMG_7483.WEBP,web,parodia,lenninghausii,,ok
data/Cactus_2/Parodia/Parodia leninghausii/IMG_7484.WEBP,web,parodia,lenninghausii,,multi_plant
data/Cactus_2/Parodia/Parodia leninghausii/IMG_7485.JPG,web,parodia,lenninghausii,,ok
data/Cactus_2/Parodia/Parodia leninghausii/IMG_7486.JPG,web,parodia,lenninghausii,,ok
data/Cactus_2/Parodia/Parodia leninghausii/IMG_7487.JPG,web,parodia,lenninghausii,,ok
data/Cactus_2/Parodia/Parodia leninghausii/IMG_7488.JPG,web,parodia,lenninghausii,,ok
data/Cactus_2/Parodia/Parodia leninghausii/IMG_7489.JPG,web,parodia,lenninghausii,,ok
data/Cactus_2/Parodia/Parodia leninghausii/IMG_7490.WEBP,web,parodia,lenninghausii,,ok
data/Cactus_2/Parodia/Parodia leninghausii/IMG_7491.AVIF,web,parodia,lenninghausii,,ok
data/Cactus_2/Parodia/Parodia leninghausii/IMG_7492.JPG,web,parodia,lenninghausii,,ok
data/Cactus_2/Parodia/Parodia leninghausii/IMG_7493.WEBP,web,parodia,lenninghausii,,ok
data/Cactus_2/Parodia/Parodia leninghausii/IMG_7494.JPG,web,parodia,lenninghausii,,ok
data/Cactus_2/Parodia/Parodia leninghausii/IMG_7495.JPG,web,parodia,lenninghausii,,ok
data/Cactus_2/Parodia/Parodia leninghausii/IMG_7496.PNG,web,parodia,lenninghausii,,ok
data/Cactus_2/Parodia/Parodia leninghausii/IMG_7497.PNG,web,parodia,lenninghausii,,ok
data/Cactus_2/Parodia/Parodia leninghausii/IMG_7498.PNG,web,parodia,lenninghausii,,ok
data/Cactus_2/Parodia/Parodia leninghausii/IMG_7499.PNG,web,parodia,lenninghausii,,ok
data/Cactus_2/Parodia/Parodia leninghausii/IMG_7500(1).JPG,web,parodia,lenninghausii,,ok
data/Cactus_2/Parodia/Parodia leninghausii/IMG_7501(1).JPG,web,parodia,lenninghausii,,ok
data/Cactus_2/Parodia/Parodia leninghausii/IMG_7502(1).JPG,web,parodia,lenninghausii,,ok
data/Cactus_2/Parodia/Parodia leninghausii/IMG_7503.JPG,web,parodia,lenninghausii,,ok
data/Cactus_2/Parodia/Parodia leninghausii/IMG_7504.JPG,web,parodia,lenninghausii,,ok
data/Cactus_2/Parodia/Parodia leninghausii/IMG_7505.JPG,web,parodia,lenninghausii,,ok
data/Cactus_2/Parodia/Parodia leninghausii/IMG_7506.WEBP,web,parodia,lenninghausii,,ok
data/Cactus_2/Parodia/Parodia leninghausii/IMG_7509.JPG,web,parodia,lenninghausii,,ok
data/Cactus_2/Parodia/Parodia leninghausii/IMG_7510.JPG,web,parodia,lenninghausii,,ok
data/Cactus_2/Parodia/Parodia leninghausii/IMG_7512.PNG,web,parodia,lenninghausii,,ok
data/Cactus_2/Parodia/Parodia leninghausii/IMG_7513.JPG,web,parodia,lenninghausii,,ok
data/Cactus_2/Parodia/Parodia leninghausii/IMG_7514.JPG,web,parodia,lenninghausii,,ok
data/Cactus_2/Parodia/Parodia leninghausii/IMG_7515.JPG,web,parodia,lenninghausii,,ok
data/Cactus_2/Parodia/Parodia leninghausii/IMG_7516.JPG,web,parodia,lenninghausii,,ok
data/Cactus_2/Parodia/Parodia leninghausii/IMG_7517.JPG,web,parodia,lenninghausii,,ok
data/Cactus_2/Parodia/Parodia leninghausii/IMG_7518.JPG,web,parodia,lenninghausii,,ok
data/Cactus_2/Parodia/Parodia leninghausii/IMG_7519.JPG,web,parodia,lenninghausii,,ok
data/Cactus_2/Parodia/Parodia leninghausii/IMG_7520.JPG,web,parodia,lenninghausii,,ok
data/Cactus_2/Parodia/Parodia leninghausii/IMG_7521.JPG,web,parodia,lenninghausii,,ok
data/Cactus_2/Parodia/Parodia leninghausii/IMG_7522.JPG,web,parodia,lenninghausii,,ok
data/Cactus_2/Parodia/Parodia magnifica/IMG_7523.WEBP,web,parodia,magnifica,,ok
data/Cactus_2/Parodia/Parodia magnifica/IMG_7524.WEBP,web,parodia,magnifica,,ok
data/Cactus_2/Parodia/Parodia magnifica/IMG_7525.WEBP,web,parodia,magnifica,,ok
data/Cactus_2/Parodia/Parodia magnifica/IMG_7526.PNG,web,parodia,magnifica,,ok
data/Cactus_2/Parodia/Parodia magnifica/IMG_7527.WEBP,web,parodia,magnifica,,ok
data/Cactus_2/Parodia/Parodia magnifica/IMG_7528.WEBP,web,parodia,magnifica,,ok
data/Cactus_2/Parodia/Parodia magnifica/IMG_7529.WEBP,web,parodia,magnifica,,ok
data/Cactus_2/Parodia/Parodia magnifica/IMG_7530.WEBP,web,parodia,magnifica,,ok
data/Cactus_2/Parodia/Parodia magnifica/IMG_7531.WEBP,web,parodia,magnifica,,ok
data/Cactus_2/Parodia/Parodia magnifica/IMG_7532.WEBP,web,parodia,magnifica,,ok
data/Cactus_2/Parodia/Parodia magnifica/IMG_7533.WEBP,web,parodia,magnifica,,not_plant
data/Cactus_2/Parodia/Parodia magnifica/IMG_7534.WEBP,web,parodia,magnifica,,ok
data/Cactus_2/Parodia/Parodia magnifica/IMG_7535.WEBP,web,parodia,magnifica,,ok
data/Cactus_2/Parodia/Parodia magnifica/IMG_7536.JPG,web,parodia,magnifica,,ok
data/Cactus_2/Parodia/Parodia magnifica/IMG_7537.JPG,web,parodia,magnifica,,ok
data/Cactus_2/Parodia/Parodia magnifica/IMG_7538.JPG,web,parodia,magnifica,,wrong_label
data/Cactus_2/Parodia/Parodia magnifica/IMG_7539.JPG,web,parodia,magnifica,,ok
data/Cactus_2/Parodia/Parodia magnifica/IMG_7540.JPG,web,parodia,magnifica,,ok
data/Cactus_2/Parodia/Parodia magnifica/IMG_7541.JPG,web,parodia,magnifica,,not_plant
data/Cactus_2/Parodia/Parodia magnifica/IMG_7542.JPG,web,parodia,magnifica,,ok
data/Cactus_2/Parodia/Parodia magnifica/IMG_7543.JPG,web,parodia,magnifica,,wrong_label
data/Cactus_2/Parodia/Parodia magnifica/IMG_7544.JPG,web,parodia,magnifica,,ok
data/Cactus_2/Parodia/Parodia magnifica/IMG_7545.JPG,web,parodia,magnifica,,ok
data/Cactus_2/Parodia/Parodia magnifica/IMG_7546.PNG,web,parodia,magnifica,,ok
data/Cactus_2/Parodia/Parodia magnifica/IMG_7547.JPG,web,parodia,magnifica,,ok
data/Cactus_2/Parodia/Parodia magnifica/IMG_7548.JPG,web,parodia,magnifica,,ok
data/Cactus_2/Parodia/Parodia magnifica/IMG_7549.JPG,web,parodia,magnifica,,ok
data/Cactus_2/Parodia/Parodia magnifica/IMG_7550.JPG,web,parodia,magnifica,,ok
data/Cactus_2/Parodia/Parodia magnifica/IMG_7551.JPG,web,parodia,magnifica,,ok
data/Cactus_2/Parodia/Parodia magnifica/IMG_7552.JPG,web,parodia,magnifica,,ok
data/Cactus_2/Parodia/Parodia magnifica/IMG_7553.JPG,web,parodia,magnifica,,ok
data/Cactus_2/Parodia/Parodia magnifica/IMG_7554.JPG,web,parodia,magnifica,,ok
data/Cactus_2/Parodia/Parodia magnifica/IMG_7555.JPG,web,parodia,magnifica,,ok
data/Cactus_2/Parodia/Parodia magnifica/IMG_7556.JPG,web,parodia,magnifica,,ok
data/Cactus_2/Parodia/Parodia magnifica/IMG_7557.JPG,web,parodia,magnifica,,ok
data/Cactus_2/Parodia/Parodia magnifica/IMG_7558.JPG,web,parodia,magnifica,,ok
data/Cactus_2/Parodia/Parodia magnifica/IMG_7559.JPG,web,parodia,magnifica,,ok
data/Cactus_2/Parodia/Parodia magnifica/IMG_7560.JPG,web,parodia,magnifica,,ok
data/Cactus_2/Parodia/Parodia magnifica/IMG_7561.JPG,web,parodia,magnifica,,ok
data/Cactus_2/Parodia/Parodia magnifica/IMG_7562.JPG,web,parodia,magnifica,,ok
data/Cactus_2/Parodia/Parodia magnifica/IMG_7563.JPG,web,parodia,magnifica,,ok
data/Cactus_2/Parodia/Parodia magnifica/IMG_7564.JPG,web,parodia,magnifica,,ok
data/Cactus_2/Parodia/Parodia magnifica/IMG_7565.JPG,web,parodia,magnifica,,ok
data/Cactus_2/Parodia/Parodia magnifica/IMG_7566.JPG,web,parodia,magnifica,,ok
data/Cactus_2/Parodia/Parodia magnifica/IMG_7567.JPG,web,parodia,magnifica,,ok
data/Cactus_2/Parodia/Parodia magnifica/IMG_7568(1).JPG,web,parodia,magnifica,,ok
data/Cactus_2/Parodia/Parodia magnifica/IMG_7569.JPG,web,parodia,magnifica,,ok
data/Cactus_2/Parodia/Parodia magnifica/IMG_7570.JPG,web,parodia,magnifica,,ok
data/Cactus_2/Parodia/Parodia magnifica/IMG_7572.JPG,web,parodia,magnifica,,ok
data/Cactus_2/Parodia/Parodia magnifica/IMG_7573.JPG,web,parodia,magnifica,,ok
data/Cactus_2/Parodia/Parodia magnifica/IMG_7574.JPG,web,parodia,magnifica,,ok
data/Cactus_2/Parodia/Parodia magnifica/IMG_7575.JPG,web,parodia,magnifica,,ok
data/Cactus_2/Parodia/Parodia magnifica/IMG_7576.JPG,web,parodia,magnifica,,ok
data/Cactus_2/Parodia/Parodia magnifica/IMG_7577.JPG,web,parodia,magnifica,,ok
data/Cactus_2/Parodia/Parodia magnifica/IMG_7578.JPG,web,parodia,magnifica,,ok
data/Cactus_2/Parodia/Parodia magnifica/IMG_7579.JPG,web,parodia,magnifica,,ok
data/Cactus_2/Parodia/Parodia magnifica/IMG_7580.JPG,web,parodia,magnifica,,ok
data/Cactus_2/Parodia/Parodia magnifica/IMG_7581.JPG,web,parodia,magnifica,,ok
data/Cactus_2/Parodia/Parodia magnifica/IMG_7582.JPG,web,parodia,magnifica,,ok
data/Cactus_2/Parodia/Parodia magnifica/IMG_7583.JPG,web,parodia,magnifica,,ok
data/Cactus_2/Parodia/Parodia magnifica/IMG_7584.JPG,web,parodia,magnifica,,ok
data/Cactus_2/Parodia/Parodia magnifica/IMG_7585.JPG,web,parodia,magnifica,,ok
data/Cactus_2/Parodia/Parodia magnifica/IMG_7586.JPG,web,parodia,magnifica,,ok
data/Cactus_2/Parodia/Parodia magnifica/IMG_7587.JPG,web,parodia,magnifica,,ok
data/Cactus_2/Parodia/Parodia magnifica/IMG_7589.JPG,web,parodia,magnifica,,ok
data/Cactus_2/Parodia/Parodia magnifica/IMG_7590.JPG,web,parodia,magnifica,,ok
data/Cactus_2/Parodia/Parodia magnifica/IMG_7591.JPG,web,parodia,magnifica,,multi_plant
data/Cactus_2/Parodia/Parodia magnifica/IMG_7592.JPG,web,parodia,magnifica,,ok
data/Cactus_2/Parodia/Parodia magnifica/IMG_7593.JPG,web,parodia,magnifica,,ok
data/Cactus_2/Parodia/Parodia magnifica/IMG_7594.JPG,web,parodia,magnifica,,ok
